# Blender v3.2.0 OBJ File: 'phone.blend'
# www.blender.org
mtllib phone.mtl
o phone
v 0.010011 -0.077075 -0.000149
v 0.010102 -0.077075 -0.000548
v 0.010358 -0.077075 -0.000869
v 0.010727 -0.077075 -0.001047
v 0.011137 -0.077075 -0.001047
v 0.011506 -0.077075 -0.000869
v 0.011761 -0.077075 -0.000548
v 0.011853 -0.077075 -0.000149
v 0.011761 -0.077075 0.000251
v 0.011506 -0.077075 0.000571
v 0.011137 -0.077075 0.000749
v 0.010727 -0.077075 0.000749
v 0.010358 -0.077075 0.000571
v 0.010102 -0.077075 0.000251
v 0.012434 -0.077075 -0.000149
v 0.012525 -0.077075 -0.000548
v 0.012780 -0.077075 -0.000869
v 0.013150 -0.077075 -0.001047
v 0.013559 -0.077075 -0.001047
v 0.013928 -0.077075 -0.000869
v 0.014184 -0.077075 -0.000548
v 0.014275 -0.077075 -0.000149
v 0.014184 -0.077075 0.000251
v 0.013928 -0.077075 0.000571
v 0.013559 -0.077075 0.000749
v 0.013150 -0.077075 0.000749
v 0.012780 -0.077075 0.000571
v 0.012525 -0.077075 0.000251
v 0.014856 -0.077075 -0.000149
v 0.014947 -0.077075 -0.000548
v 0.015203 -0.077075 -0.000869
v 0.015572 -0.077075 -0.001047
v 0.015982 -0.077075 -0.001047
v 0.016351 -0.077075 -0.000869
v 0.016607 -0.077075 -0.000548
v 0.016698 -0.077075 -0.000149
v 0.016607 -0.077075 0.000251
v 0.016351 -0.077075 0.000571
v 0.015982 -0.077075 0.000749
v 0.015572 -0.077075 0.000749
v 0.015203 -0.077075 0.000571
v 0.014947 -0.077075 0.000251
v 0.017279 -0.077075 -0.000149
v 0.017370 -0.077075 -0.000548
v 0.017625 -0.077075 -0.000869
v 0.017995 -0.077075 -0.001047
v 0.018404 -0.077075 -0.001047
v 0.018774 -0.077075 -0.000869
v 0.019029 -0.077075 -0.000548
v 0.019120 -0.077075 -0.000149
v 0.019029 -0.077075 0.000251
v 0.018774 -0.077075 0.000571
v 0.018404 -0.077075 0.000749
v 0.017995 -0.077075 0.000749
v 0.017625 -0.077075 0.000571
v 0.017370 -0.077075 0.000251
v 0.019701 -0.077075 -0.000149
v 0.019792 -0.077075 -0.000548
v 0.020048 -0.077075 -0.000869
v 0.020417 -0.077075 -0.001047
v 0.020827 -0.077075 -0.001047
v 0.021196 -0.077075 -0.000869
v 0.021452 -0.077075 -0.000548
v 0.021543 -0.077075 -0.000149
v 0.021452 -0.077075 0.000251
v 0.021196 -0.077075 0.000571
v 0.020827 -0.077075 0.000749
v 0.020417 -0.077075 0.000749
v 0.020048 -0.077075 0.000571
v 0.019792 -0.077075 0.000251
v 0.022124 -0.077075 -0.000149
v 0.022215 -0.077075 -0.000548
v 0.022470 -0.077075 -0.000869
v 0.022840 -0.077075 -0.001047
v 0.023249 -0.077075 -0.001047
v 0.023619 -0.077075 -0.000869
v 0.023874 -0.077075 -0.000548
v 0.023965 -0.077075 -0.000149
v 0.023874 -0.077075 0.000251
v 0.023619 -0.077075 0.000571
v 0.023249 -0.077075 0.000749
v 0.022840 -0.077075 0.000749
v 0.022470 -0.077075 0.000571
v 0.022215 -0.077075 0.000251
v -0.018744 -0.077075 -0.000149
v -0.018653 -0.077075 -0.000548
v -0.018397 -0.077075 -0.000869
v -0.018028 -0.077075 -0.001047
v -0.017618 -0.077075 -0.001047
v -0.017249 -0.077075 -0.000869
v -0.016994 -0.077075 -0.000548
v -0.016902 -0.077075 -0.000149
v -0.016994 -0.077075 0.000251
v -0.017249 -0.077075 0.000571
v -0.017618 -0.077075 0.000749
v -0.018028 -0.077075 0.000749
v -0.018397 -0.077075 0.000571
v -0.018653 -0.077075 0.000251
v -0.016321 -0.077075 -0.000149
v -0.016230 -0.077075 -0.000548
v -0.015975 -0.077075 -0.000869
v -0.015605 -0.077075 -0.001047
v -0.015196 -0.077075 -0.001047
v -0.014826 -0.077075 -0.000869
v -0.014571 -0.077075 -0.000548
v -0.014480 -0.077075 -0.000149
v -0.014571 -0.077075 0.000251
v -0.014826 -0.077075 0.000571
v -0.015196 -0.077075 0.000749
v -0.015605 -0.077075 0.000749
v -0.015975 -0.077075 0.000571
v -0.016230 -0.077075 0.000251
v -0.013899 -0.077075 -0.000149
v -0.013808 -0.077075 -0.000548
v -0.013552 -0.077075 -0.000869
v -0.013183 -0.077075 -0.001047
v -0.012773 -0.077075 -0.001047
v -0.012404 -0.077075 -0.000869
v -0.012148 -0.077075 -0.000548
v -0.012057 -0.077075 -0.000149
v -0.012148 -0.077075 0.000251
v -0.012404 -0.077075 0.000571
v -0.012773 -0.077075 0.000749
v -0.013183 -0.077075 0.000749
v -0.013552 -0.077075 0.000571
v -0.013808 -0.077075 0.000251
v -0.003987 -0.075253 -0.001622
v -0.004575 -0.075253 -0.001340
v -0.004981 -0.075253 -0.000830
v -0.005126 -0.075253 -0.000194
v 0.002402 -0.075253 -0.001622
v 0.002990 -0.075253 -0.001340
v 0.003396 -0.075253 -0.000830
v 0.003541 -0.075253 -0.000194
v 0.003396 -0.075253 0.000442
v 0.002990 -0.075253 0.000952
v 0.002402 -0.075253 0.001235
v -0.004981 -0.075253 0.000442
v -0.004575 -0.075253 0.000952
v -0.003987 -0.075253 0.001235
v 0.006488 0.066658 0.003616
v -0.003510 0.066244 0.004114
v -0.036020 0.065696 -0.003670
v -0.037212 0.062820 -0.003670
v 0.007108 0.066516 0.003616
v -0.025692 0.071659 -0.003670
v 0.007606 0.066119 0.003616
v 0.003251 0.065471 0.004114
v -0.035978 0.046439 -0.001268
v -0.037618 0.059733 -0.003670
v 0.003251 0.065029 0.004114
v -0.035978 0.045252 -0.000475
v -0.035978 0.045530 -0.000891
v 0.007882 0.065546 0.003616
v -0.035978 0.045947 -0.001170
v -0.037115 0.059700 0.004295
v -0.035978 0.049962 -0.001268
v -0.037618 0.059733 0.004044
v -0.035978 0.050454 -0.001170
v 0.007882 0.064910 0.003616
v -0.035978 0.050871 -0.000891
v 0.003059 0.064630 0.004114
v -0.035978 0.051149 -0.000475
v -0.025659 0.071156 0.004295
v 0.007606 0.064336 0.003616
v -0.025692 0.071659 0.004044
v 0.002714 0.064355 0.004114
v 0.007108 0.063939 0.003616
v -0.036722 0.062688 0.004295
v -0.037212 0.062820 0.004044
v 0.006488 0.063798 0.003616
v 0.002282 0.064256 0.004114
v -0.035581 0.065442 0.004295
v 0.005867 0.063939 0.003616
v -0.035978 0.046439 0.001266
v -0.036020 0.065696 0.004044
v -0.035978 0.045154 -0.000019
v 0.002282 0.066244 0.004114
v 0.005370 0.064336 0.003616
v -0.035978 0.045947 0.001168
v -0.033766 0.067807 0.004295
v -0.035978 0.045530 0.000890
v -0.034125 0.068166 0.004044
v -0.035978 0.045252 0.000473
v 0.005094 0.064910 0.003616
v -0.035978 0.051247 -0.000019
v -0.035978 0.049962 0.001266
v -0.003510 0.064256 0.004114
v -0.031401 0.069622 0.004295
v -0.035978 0.051149 0.000473
v 0.005094 0.065546 0.003616
v -0.035978 0.050871 0.000890
v -0.031655 0.070061 0.004044
v -0.035978 0.050454 0.001168
v -0.003941 0.064355 0.004114
v 0.005370 0.066119 0.003616
v -0.028647 0.070763 0.004295
v -0.028779 0.071253 0.004044
v 0.005867 0.066516 0.003616
v -0.004287 0.064630 0.004114
v -0.025659 -0.077491 0.004295
v -0.025692 -0.077994 0.004044
v -0.004479 0.065029 0.004114
v -0.037115 -0.066035 0.004295
v -0.037618 -0.066068 0.004044
v -0.028647 -0.077098 0.004295
v -0.004479 0.065471 0.004114
v -0.028779 -0.077588 0.004044
v -0.031401 -0.075957 0.004295
v -0.004287 0.065870 0.004114
v -0.031655 -0.076396 0.004044
v -0.003941 0.066145 0.004114
v -0.033766 -0.074142 0.004295
v -0.034125 -0.074501 0.004044
v -0.035581 -0.071777 0.004295
v 0.003059 0.065870 0.004114
v -0.036020 -0.072031 0.004044
v -0.036722 -0.069023 0.004295
v -0.037212 -0.069155 0.004044
v 0.002714 0.066145 0.004114
v 0.035962 0.059700 0.004295
v 0.036465 0.059733 0.004044
v 0.024539 0.071659 0.004044
v 0.024506 0.071156 0.004295
v 0.035569 0.062688 0.004295
v 0.036059 0.062820 0.004044
v 0.034428 0.065442 0.004295
v 0.034868 0.065696 0.004044
v 0.032613 0.067807 0.004295
v 0.032972 0.068166 0.004044
v 0.030248 0.069622 0.004295
v 0.030502 0.070061 0.004044
v 0.027494 0.070763 0.004295
v 0.027626 0.071253 0.004044
v 0.035962 -0.066035 0.004295
v 0.036465 -0.066068 0.004044
v 0.024506 -0.077491 0.004295
v 0.024539 -0.077994 0.004044
v 0.035569 -0.069023 0.004295
v 0.036059 -0.069155 0.004044
v 0.034428 -0.071777 0.004295
v 0.034868 -0.072031 0.004044
v 0.032613 -0.074142 0.004295
v 0.032972 -0.074501 0.004044
v 0.030248 -0.075957 0.004295
v 0.030502 -0.076396 0.004044
v 0.027494 -0.077098 0.004295
v 0.027626 -0.077588 0.004044
v -0.034125 0.068166 -0.003670
v -0.031655 0.070061 -0.003670
v -0.028779 0.071253 -0.003670
v -0.025692 -0.077994 -0.003670
v -0.037618 -0.066068 -0.003670
v -0.028779 -0.077588 -0.003670
v -0.031655 -0.076396 -0.003670
v -0.034125 -0.074501 -0.003670
v -0.036021 -0.072031 -0.003670
v -0.037212 -0.069155 -0.003670
v 0.036465 0.059733 -0.003670
v 0.024539 0.071659 -0.003670
v 0.036059 0.062820 -0.003670
v 0.034868 0.065696 -0.003670
v 0.032972 0.068166 -0.003670
v 0.030502 0.070061 -0.003670
v 0.027626 0.071253 -0.003670
v 0.036465 -0.066068 -0.003670
v 0.024539 -0.077994 -0.003670
v 0.036059 -0.069155 -0.003670
v 0.034868 -0.072031 -0.003670
v 0.032972 -0.074501 -0.003670
v 0.030502 -0.076396 -0.003670
v 0.027626 -0.077588 -0.003670
v -0.033946 0.067987 -0.003921
v -0.031529 0.069842 -0.003921
v -0.028713 0.071008 -0.003921
v -0.025675 0.071408 -0.003921
v 0.024522 0.071408 -0.003921
v 0.024522 0.071408 0.004295
v -0.025675 0.071408 0.004295
v -0.028713 0.071008 0.004295
v -0.031529 0.069842 0.004295
v -0.033946 0.067987 0.004295
v -0.035801 0.065569 0.004295
v -0.036967 0.062754 0.004295
v -0.037367 0.059716 0.004295
v -0.037367 -0.066051 0.004295
v -0.036967 -0.069089 0.004295
v -0.035801 -0.071904 0.004295
v -0.033946 -0.074322 0.004295
v -0.031529 -0.076177 0.004295
v -0.028713 -0.077343 0.004295
v -0.025675 -0.077743 0.004295
v 0.024522 -0.077743 0.004295
v 0.027560 -0.077343 0.004295
v 0.030376 -0.076177 0.004295
v 0.032793 -0.074322 0.004295
v 0.034648 -0.071904 0.004295
v 0.035815 -0.069089 0.004295
v 0.036214 -0.066051 0.004295
v 0.036214 0.059716 0.004295
v 0.035815 0.062754 0.004295
v 0.034648 0.065569 0.004295
v 0.032793 0.067987 0.004295
v 0.030376 0.069842 0.004295
v 0.027560 0.071008 0.004295
v -0.035801 0.065569 -0.003921
v -0.036968 0.062754 -0.003921
v -0.037367 0.059716 -0.003921
v -0.037367 -0.066051 -0.003921
v -0.036968 -0.069089 -0.003921
v -0.035801 -0.071904 -0.003921
v -0.033946 -0.074322 -0.003921
v -0.031529 -0.076177 -0.003921
v -0.028713 -0.077343 -0.003921
v -0.025675 -0.077743 -0.003921
v 0.024522 -0.077743 -0.003921
v 0.027560 -0.077343 -0.003921
v 0.030376 -0.076177 -0.003921
v 0.032793 -0.074322 -0.003921
v 0.034648 -0.071904 -0.003921
v 0.035815 -0.069089 -0.003921
v 0.036214 -0.066051 -0.003921
v 0.036214 0.059716 -0.003921
v 0.035815 0.062754 -0.003921
v 0.034648 0.065569 -0.003921
v 0.032793 0.067987 -0.003921
v 0.030376 0.069842 -0.003921
v 0.027560 0.071008 -0.003921
v -0.025659 0.071156 0.004397
v -0.028647 0.070763 0.004397
v -0.033766 0.067807 0.004397
v -0.036722 0.062688 0.004397
v -0.036722 -0.069023 0.004397
v -0.031401 -0.075957 0.004397
v -0.025659 -0.077491 0.004397
v 0.027494 -0.077098 0.004397
v 0.030248 -0.075957 0.004397
v 0.034428 -0.071777 0.004397
v 0.035569 -0.069023 0.004397
v 0.035962 -0.066035 0.004397
v 0.034428 0.065442 0.004397
v 0.024506 0.071156 0.004397
v -0.031401 0.069622 0.004397
v -0.035581 0.065442 0.004397
v -0.037115 0.059700 0.004397
v -0.037115 -0.066035 0.004397
v -0.035581 -0.071777 0.004397
v -0.033766 -0.074142 0.004397
v -0.028647 -0.077098 0.004397
v 0.024506 -0.077491 0.004397
v 0.032613 -0.074142 0.004397
v 0.035962 0.059700 0.004397
v 0.035569 0.062688 0.004397
v 0.032613 0.067807 0.004397
v 0.030248 0.069622 0.004397
v 0.027494 0.070763 0.004397
v 0.002282 0.066244 0.004397
v 0.002714 0.066145 0.004397
v 0.003251 0.065471 0.004397
v 0.003059 0.065870 0.004397
v -0.004479 0.065471 0.004397
v -0.004479 0.065029 0.004397
v -0.003941 0.066145 0.004397
v -0.003941 0.064355 0.004397
v -0.004287 0.064630 0.004397
v -0.004287 0.065870 0.004397
v -0.003510 0.064256 0.004397
v -0.003510 0.066244 0.004397
v 0.002714 0.064355 0.004397
v 0.003251 0.065029 0.004397
v 0.003059 0.064630 0.004397
v 0.002282 0.064256 0.004397
v 0.005202 0.065771 0.004397
v 0.005370 0.066119 0.004397
v 0.007584 0.066137 0.004397
v 0.005867 0.066516 0.004397
v 0.007108 0.066516 0.004397
v 0.006488 0.066658 0.004397
v 0.005094 0.065546 0.004397
v 0.007882 0.065546 0.004397
v 0.005094 0.064910 0.004397
v 0.005867 0.063939 0.004397
v 0.005370 0.064336 0.004397
v 0.007108 0.063939 0.004397
v 0.007882 0.064910 0.004397
v 0.007606 0.064336 0.004397
v 0.006488 0.063798 0.004397
v -0.037618 0.046439 -0.001268
v -0.037618 0.045947 -0.001170
v -0.037618 0.049962 -0.001268
v -0.037618 0.050454 -0.001170
v -0.037618 0.050871 -0.000891
v -0.037618 0.045252 -0.000475
v -0.037618 0.045530 -0.000891
v -0.037618 0.051149 -0.000475
v -0.037618 0.045252 0.000473
v -0.037618 0.051149 0.000473
v -0.037618 0.050454 0.001168
v -0.037618 0.049962 0.001266
v -0.037618 0.046439 0.001266
v -0.037618 0.045947 0.001168
v -0.037618 0.045530 0.000890
v -0.037618 0.050871 0.000890
v -0.037618 0.051247 -0.000019
v -0.037618 0.045154 -0.000019
v 0.003541 -0.077994 -0.000194
v 0.003396 -0.077994 -0.000830
v 0.003396 -0.077994 0.000442
v 0.002990 -0.077994 0.000952
v 0.002990 -0.077994 -0.001340
v 0.002402 -0.077994 -0.001622
v 0.002402 -0.077994 0.001235
v -0.003987 -0.077994 0.001235
v -0.003987 -0.077994 -0.001622
v -0.004575 -0.077994 0.000952
v -0.004575 -0.077994 -0.001340
v -0.004981 -0.077994 -0.000830
v -0.004981 -0.077994 0.000442
v -0.005126 -0.077994 -0.000194
v 0.023874 -0.077994 0.000251
v 0.023965 -0.077994 -0.000149
v 0.023619 -0.077994 0.000571
v 0.023619 -0.077994 -0.000869
v 0.023874 -0.077994 -0.000548
v 0.023249 -0.077994 -0.001047
v 0.023249 -0.077994 0.000749
v 0.022470 -0.077994 -0.000869
v 0.022840 -0.077994 -0.001047
v 0.022840 -0.077994 0.000749
v 0.022470 -0.077994 0.000571
v 0.022124 -0.077994 -0.000149
v 0.022215 -0.077994 0.000251
v 0.022215 -0.077994 -0.000548
v 0.021543 -0.077994 -0.000149
v 0.021452 -0.077994 0.000251
v 0.021452 -0.077994 -0.000548
v 0.021196 -0.077994 -0.000869
v 0.021196 -0.077994 0.000571
v 0.020827 -0.077994 0.000749
v 0.020827 -0.077994 -0.001047
v 0.020417 -0.077994 0.000749
v 0.020417 -0.077994 -0.001047
v 0.020048 -0.077994 -0.000869
v 0.019792 -0.077994 -0.000548
v 0.020048 -0.077994 0.000571
v 0.019792 -0.077994 0.000251
v 0.019120 -0.077994 -0.000149
v 0.019701 -0.077994 -0.000149
v 0.019029 -0.077994 -0.000548
v 0.018774 -0.077994 0.000571
v 0.019029 -0.077994 0.000251
v 0.018774 -0.077994 -0.000869
v 0.017995 -0.077994 -0.001047
v 0.018404 -0.077994 -0.001047
v 0.018404 -0.077994 0.000749
v 0.017995 -0.077994 0.000749
v 0.017625 -0.077994 0.000571
v 0.017625 -0.077994 -0.000869
v 0.017370 -0.077994 -0.000548
v 0.017370 -0.077994 0.000251
v 0.017279 -0.077994 -0.000149
v 0.016698 -0.077994 -0.000149
v 0.016607 -0.077994 -0.000548
v 0.016607 -0.077994 0.000251
v 0.015982 -0.077994 -0.001047
v 0.016351 -0.077994 0.000571
v 0.016351 -0.077994 -0.000869
v 0.015572 -0.077994 -0.001047
v 0.015982 -0.077994 0.000749
v 0.015572 -0.077994 0.000749
v 0.015203 -0.077994 -0.000869
v 0.015203 -0.077994 0.000571
v 0.014947 -0.077994 0.000251
v 0.014947 -0.077994 -0.000548
v 0.014275 -0.077994 -0.000149
v 0.014856 -0.077994 -0.000149
v 0.014184 -0.077994 -0.000548
v 0.014184 -0.077994 0.000251
v 0.013928 -0.077994 -0.000869
v 0.013559 -0.077994 0.000749
v 0.013928 -0.077994 0.000571
v 0.013559 -0.077994 -0.001047
v 0.012780 -0.077994 -0.000869
v 0.013150 -0.077994 -0.001047
v 0.013150 -0.077994 0.000749
v 0.012780 -0.077994 0.000571
v 0.012525 -0.077994 0.000251
v 0.012434 -0.077994 -0.000149
v 0.012525 -0.077994 -0.000548
v 0.011761 -0.077994 0.000251
v 0.011853 -0.077994 -0.000149
v 0.011761 -0.077994 -0.000548
v 0.011506 -0.077994 -0.000869
v 0.011506 -0.077994 0.000571
v 0.011137 -0.077994 0.000749
v 0.011137 -0.077994 -0.001047
v 0.010727 -0.077994 -0.001047
v 0.010358 -0.077994 0.000571
v 0.010727 -0.077994 0.000749
v 0.010358 -0.077994 -0.000869
v 0.010102 -0.077994 0.000251
v 0.010102 -0.077994 -0.000548
v 0.010011 -0.077994 -0.000149
v -0.012057 -0.077994 -0.000149
v -0.012148 -0.077994 0.000251
v -0.012148 -0.077994 -0.000548
v -0.012404 -0.077994 0.000571
v -0.012404 -0.077994 -0.000869
v -0.012773 -0.077994 0.000749
v -0.013183 -0.077994 0.000749
v -0.012773 -0.077994 -0.001047
v -0.013183 -0.077994 -0.001047
v -0.013552 -0.077994 0.000571
v -0.013552 -0.077994 -0.000869
v -0.013808 -0.077994 -0.000548
v -0.013808 -0.077994 0.000251
v -0.013899 -0.077994 -0.000149
v -0.014571 -0.077994 -0.000548
v -0.014480 -0.077994 -0.000149
v -0.014571 -0.077994 0.000251
v -0.014826 -0.077994 0.000571
v -0.015196 -0.077994 -0.001047
v -0.014826 -0.077994 -0.000869
v -0.015196 -0.077994 0.000749
v -0.015605 -0.077994 -0.001047
v -0.015605 -0.077994 0.000749
v -0.015975 -0.077994 0.000571
v -0.015975 -0.077994 -0.000869
v -0.016230 -0.077994 0.000251
v -0.016230 -0.077994 -0.000548
v -0.016321 -0.077994 -0.000149
v -0.016902 -0.077994 -0.000149
v -0.016994 -0.077994 0.000251
v -0.016994 -0.077994 -0.000548
v -0.017249 -0.077994 0.000571
v -0.017249 -0.077994 -0.000869
v -0.017618 -0.077994 -0.001047
v -0.017618 -0.077994 0.000749
v -0.018028 -0.077994 -0.001047
v -0.018397 -0.077994 -0.000869
v -0.018028 -0.077994 0.000749
v -0.018397 -0.077994 0.000571
v -0.018653 -0.077994 -0.000548
v -0.018744 -0.077994 -0.000149
v -0.018653 -0.077994 0.000251
v 0.002679 0.041046 -0.003846
v 0.005652 0.036954 -0.003846
v 0.007934 0.035791 -0.003846
v 0.010463 0.068825 -0.003846
v 0.007934 0.068425 -0.003846
v 0.003842 0.065451 -0.003846
v 0.027832 0.035791 -0.003846
v 0.033488 0.060641 -0.003846
v 0.033087 0.063170 -0.003846
v 0.030114 0.067262 -0.003846
v 0.027832 0.068425 -0.003846
v 0.027373 0.037206 -0.005337
v 0.025188 0.036860 -0.005337
v 0.029240 0.038157 -0.005337
v 0.030721 0.039639 -0.005337
v 0.025188 0.067356 -0.005337
v 0.029240 0.066059 -0.005337
v 0.031672 0.062710 -0.005337
v 0.010579 0.036860 -0.005337
v 0.008394 0.037206 -0.005337
v 0.006527 0.038157 -0.005337
v 0.004094 0.041506 -0.005337
v 0.003748 0.043691 -0.005337
v 0.008394 0.067010 -0.005337
v 0.005045 0.064577 -0.005337
v 0.027654 0.036341 -0.003956
v 0.027506 0.036796 -0.004272
v 0.027407 0.037099 -0.004744
v 0.025302 0.035405 -0.003846
v 0.025196 0.036749 -0.004744
v 0.025221 0.036434 -0.004272
v 0.025258 0.035962 -0.003956
v 0.030105 0.036966 -0.003846
v 0.029774 0.037422 -0.003956
v 0.029493 0.037808 -0.004272
v 0.029305 0.038066 -0.004744
v 0.031913 0.038773 -0.003846
v 0.031457 0.039104 -0.003956
v 0.031070 0.039385 -0.004272
v 0.030812 0.039573 -0.004744
v 0.033073 0.041051 -0.003846
v 0.031672 0.041506 -0.005300
v 0.032537 0.041225 -0.003956
v 0.032083 0.041372 -0.004272
v 0.031779 0.041471 -0.004744
v 0.033473 0.043576 -0.003846
v 0.032019 0.043691 -0.005300
v 0.032916 0.043620 -0.003956
v 0.032445 0.043657 -0.004272
v 0.032129 0.043682 -0.004744
v 0.025302 0.068811 -0.003846
v 0.025258 0.068254 -0.003956
v 0.025221 0.067782 -0.004272
v 0.025196 0.067467 -0.004744
v 0.027373 0.067010 -0.005300
v 0.027407 0.067117 -0.004744
v 0.027506 0.067420 -0.004272
v 0.027654 0.067875 -0.003956
v 0.029305 0.066149 -0.004744
v 0.029493 0.066408 -0.004272
v 0.029774 0.066794 -0.003956
v 0.030721 0.064577 -0.005300
v 0.031913 0.065443 -0.003846
v 0.030812 0.064643 -0.004744
v 0.031070 0.064831 -0.004272
v 0.031457 0.065111 -0.003956
v 0.031779 0.062745 -0.004744
v 0.032083 0.062843 -0.004272
v 0.032537 0.062991 -0.003956
v 0.032019 0.060525 -0.005300
v 0.032129 0.060534 -0.004744
v 0.032445 0.060559 -0.004272
v 0.032916 0.060596 -0.003956
v 0.010464 0.035405 -0.003846
v 0.010508 0.035962 -0.003956
v 0.010545 0.036434 -0.004272
v 0.010570 0.036749 -0.004744
v 0.008359 0.037099 -0.004744
v 0.008260 0.036796 -0.004272
v 0.008113 0.036341 -0.003956
v 0.006461 0.038066 -0.004744
v 0.006273 0.037808 -0.004272
v 0.005992 0.037422 -0.003956
v 0.005045 0.039639 -0.005300
v 0.003854 0.038773 -0.003846
v 0.004954 0.039573 -0.004744
v 0.004696 0.039385 -0.004272
v 0.004309 0.039104 -0.003956
v 0.003987 0.041471 -0.004744
v 0.003683 0.041372 -0.004272
v 0.003229 0.041225 -0.003956
v 0.002293 0.043576 -0.003846
v 0.003637 0.043682 -0.004744
v 0.003322 0.043657 -0.004272
v 0.002850 0.043620 -0.003956
v 0.008113 0.067875 -0.003956
v 0.008260 0.067420 -0.004272
v 0.008359 0.067117 -0.004744
v 0.010579 0.067356 -0.005300
v 0.010570 0.067467 -0.004744
v 0.010545 0.067782 -0.004272
v 0.010508 0.068254 -0.003956
v 0.005661 0.067250 -0.003846
v 0.006527 0.066059 -0.005300
v 0.005992 0.066794 -0.003956
v 0.006273 0.066408 -0.004272
v 0.006461 0.066149 -0.004744
v 0.004310 0.065111 -0.003956
v 0.004696 0.064831 -0.004272
v 0.004954 0.064643 -0.004744
v 0.002693 0.063165 -0.003846
v 0.004094 0.062710 -0.005300
v 0.003229 0.062991 -0.003956
v 0.003683 0.062843 -0.004272
v 0.003987 0.062745 -0.004744
v 0.002293 0.060639 -0.003846
v 0.003748 0.060525 -0.005300
v 0.002850 0.060596 -0.003956
v 0.003322 0.060559 -0.004272
v 0.003637 0.060534 -0.004744
v 0.024604 0.066465 -0.004887
v 0.024604 0.065660 -0.006000
v 0.022762 0.066200 -0.004887
v 0.022988 0.065428 -0.006000
v 0.021069 0.065427 -0.004887
v 0.021504 0.064750 -0.006000
v 0.019662 0.064208 -0.004887
v 0.020270 0.063681 -0.006000
v 0.018656 0.062643 -0.004887
v 0.019388 0.062308 -0.006000
v 0.018132 0.060857 -0.004887
v 0.018928 0.060742 -0.006000
v 0.018132 0.058996 -0.004887
v 0.018928 0.059110 -0.006000
v 0.018656 0.057210 -0.004887
v 0.019388 0.057544 -0.006000
v 0.019662 0.055645 -0.004887
v 0.020270 0.056171 -0.006000
v 0.021069 0.054426 -0.004887
v 0.021504 0.055103 -0.006000
v 0.022762 0.053653 -0.004887
v 0.022988 0.054425 -0.006000
v 0.024604 0.053388 -0.004887
v 0.024604 0.054192 -0.006000
v 0.026446 0.053653 -0.004887
v 0.026219 0.054425 -0.006000
v 0.028139 0.054426 -0.004887
v 0.027704 0.055103 -0.006000
v 0.029545 0.055645 -0.004887
v 0.028937 0.056171 -0.006000
v 0.030551 0.057210 -0.004887
v 0.029820 0.057544 -0.006000
v 0.031076 0.058996 -0.004887
v 0.030279 0.059110 -0.006000
v 0.031076 0.060857 -0.004887
v 0.030279 0.060742 -0.006000
v 0.030551 0.062643 -0.004887
v 0.029820 0.062308 -0.006000
v 0.029545 0.064208 -0.004887
v 0.028937 0.063681 -0.006000
v 0.028139 0.065427 -0.004887
v 0.027704 0.064750 -0.006000
v 0.026446 0.066200 -0.004887
v 0.026219 0.065428 -0.006000
v 0.023040 0.065251 -0.005020
v 0.024604 0.065476 -0.005020
v 0.021604 0.064595 -0.005020
v 0.020410 0.063560 -0.005020
v 0.019556 0.062232 -0.005020
v 0.019111 0.060716 -0.005020
v 0.019111 0.059137 -0.005020
v 0.019556 0.057621 -0.005020
v 0.020410 0.056292 -0.005020
v 0.021604 0.055258 -0.005020
v 0.023040 0.054602 -0.005020
v 0.024604 0.054377 -0.005020
v 0.026167 0.054602 -0.005020
v 0.027604 0.055258 -0.005020
v 0.028797 0.056292 -0.005020
v 0.029651 0.057621 -0.005020
v 0.030096 0.059137 -0.005020
v 0.030096 0.060716 -0.005020
v 0.029651 0.062232 -0.005020
v 0.028797 0.063560 -0.005020
v 0.027604 0.064595 -0.005020
v 0.026167 0.065251 -0.005020
v 0.023048 0.065224 -0.006148
v 0.023020 0.065319 -0.006042
v 0.024604 0.065547 -0.006042
v 0.024604 0.065447 -0.006148
v 0.021619 0.064571 -0.006148
v 0.021565 0.064655 -0.006042
v 0.020431 0.063542 -0.006148
v 0.020356 0.063607 -0.006042
v 0.019582 0.062220 -0.006148
v 0.019491 0.062261 -0.006042
v 0.019139 0.060712 -0.006148
v 0.019040 0.060726 -0.006042
v 0.019139 0.059141 -0.006148
v 0.019040 0.059127 -0.006042
v 0.019582 0.057633 -0.006148
v 0.019491 0.057592 -0.006042
v 0.020431 0.056311 -0.006148
v 0.020356 0.056246 -0.006042
v 0.021619 0.055282 -0.006148
v 0.021565 0.055198 -0.006042
v 0.023048 0.054629 -0.006148
v 0.023020 0.054534 -0.006042
v 0.024604 0.054405 -0.006148
v 0.024604 0.054306 -0.006042
v 0.026159 0.054629 -0.006148
v 0.026187 0.054534 -0.006042
v 0.027588 0.055282 -0.006148
v 0.027642 0.055198 -0.006042
v 0.028776 0.056311 -0.006148
v 0.028851 0.056246 -0.006042
v 0.029626 0.057633 -0.006148
v 0.029716 0.057592 -0.006042
v 0.030068 0.059141 -0.006148
v 0.030167 0.059126 -0.006042
v 0.030068 0.060712 -0.006148
v 0.030167 0.060726 -0.006042
v 0.029626 0.062220 -0.006148
v 0.029716 0.062261 -0.006042
v 0.028776 0.063542 -0.006148
v 0.028851 0.063607 -0.006042
v 0.027588 0.064571 -0.006148
v 0.027642 0.064655 -0.006042
v 0.026159 0.065224 -0.006148
v 0.026187 0.065319 -0.006042
v 0.022802 0.066061 -0.006000
v 0.022762 0.066200 -0.005857
v 0.024604 0.066465 -0.005857
v 0.024604 0.066320 -0.006000
v 0.021147 0.065305 -0.006000
v 0.021069 0.065427 -0.005857
v 0.019772 0.064113 -0.006000
v 0.019662 0.064208 -0.005857
v 0.018788 0.062582 -0.006000
v 0.018656 0.062643 -0.005857
v 0.018275 0.060836 -0.006000
v 0.018132 0.060857 -0.005857
v 0.018275 0.059016 -0.006000
v 0.018132 0.058996 -0.005857
v 0.018788 0.057270 -0.006000
v 0.018656 0.057210 -0.005857
v 0.019772 0.055740 -0.006000
v 0.019662 0.055645 -0.005857
v 0.021147 0.054548 -0.006000
v 0.021069 0.054426 -0.005857
v 0.022802 0.053792 -0.006000
v 0.022762 0.053653 -0.005857
v 0.024604 0.053533 -0.006000
v 0.024604 0.053388 -0.005857
v 0.026405 0.053792 -0.006000
v 0.026446 0.053653 -0.005857
v 0.028060 0.054548 -0.006000
v 0.028139 0.054426 -0.005857
v 0.029435 0.055740 -0.006000
v 0.029545 0.055645 -0.005857
v 0.030419 0.057270 -0.006000
v 0.030551 0.057210 -0.005857
v 0.030932 0.059016 -0.006000
v 0.031076 0.058996 -0.005857
v 0.030932 0.060836 -0.006000
v 0.031076 0.060857 -0.005857
v 0.030419 0.062582 -0.006000
v 0.030551 0.062643 -0.005857
v 0.029435 0.064113 -0.006000
v 0.029545 0.064208 -0.005857
v 0.028060 0.065305 -0.006000
v 0.028139 0.065427 -0.005857
v 0.026405 0.066061 -0.006000
v 0.026446 0.066200 -0.005857
v 0.024611 0.050952 -0.004887
v 0.024611 0.050147 -0.006000
v 0.022769 0.050687 -0.004887
v 0.022995 0.049915 -0.006000
v 0.021076 0.049914 -0.004887
v 0.021511 0.049237 -0.006000
v 0.019669 0.048695 -0.004887
v 0.020277 0.048168 -0.006000
v 0.018663 0.047130 -0.004887
v 0.019395 0.046795 -0.006000
v 0.018139 0.045344 -0.004887
v 0.018935 0.045229 -0.006000
v 0.018139 0.043483 -0.004887
v 0.018935 0.043597 -0.006000
v 0.018663 0.041697 -0.004887
v 0.019395 0.042031 -0.006000
v 0.019669 0.040132 -0.004887
v 0.020277 0.040658 -0.006000
v 0.021076 0.038913 -0.004887
v 0.021511 0.039590 -0.006000
v 0.022769 0.038140 -0.004887
v 0.022995 0.038912 -0.006000
v 0.024611 0.037875 -0.004887
v 0.024611 0.038679 -0.006000
v 0.026453 0.038140 -0.004887
v 0.026226 0.038912 -0.006000
v 0.028146 0.038913 -0.004887
v 0.027711 0.039590 -0.006000
v 0.029552 0.040132 -0.004887
v 0.028945 0.040658 -0.006000
v 0.030559 0.041697 -0.004887
v 0.029827 0.042031 -0.006000
v 0.031083 0.043483 -0.004887
v 0.030287 0.043597 -0.006000
v 0.031083 0.045344 -0.004887
v 0.030287 0.045229 -0.006000
v 0.030559 0.047130 -0.004887
v 0.029827 0.046795 -0.006000
v 0.029552 0.048695 -0.004887
v 0.028945 0.048168 -0.006000
v 0.028146 0.049914 -0.004887
v 0.027711 0.049237 -0.006000
v 0.026453 0.050687 -0.004887
v 0.026226 0.049915 -0.006000
v 0.023048 0.049738 -0.005020
v 0.024611 0.049963 -0.005020
v 0.021611 0.049082 -0.005020
v 0.020417 0.048047 -0.005020
v 0.019563 0.046719 -0.005020
v 0.019118 0.045203 -0.005020
v 0.019118 0.043624 -0.005020
v 0.019563 0.042108 -0.005020
v 0.020417 0.040779 -0.005020
v 0.021611 0.039745 -0.005020
v 0.023048 0.039089 -0.005020
v 0.024611 0.038864 -0.005020
v 0.026174 0.039089 -0.005020
v 0.027611 0.039745 -0.005020
v 0.028805 0.040779 -0.005020
v 0.029659 0.042108 -0.005020
v 0.030104 0.043624 -0.005020
v 0.030104 0.045203 -0.005020
v 0.029659 0.046719 -0.005020
v 0.028805 0.048047 -0.005020
v 0.027611 0.049082 -0.005020
v 0.026174 0.049738 -0.005020
v 0.023056 0.049711 -0.006148
v 0.023028 0.049806 -0.006042
v 0.024611 0.050034 -0.006042
v 0.024611 0.049934 -0.006148
v 0.021626 0.049058 -0.006148
v 0.021572 0.049142 -0.006042
v 0.020439 0.048029 -0.006148
v 0.020363 0.048094 -0.006042
v 0.019589 0.046707 -0.006148
v 0.019498 0.046748 -0.006042
v 0.019146 0.045199 -0.006148
v 0.019048 0.045213 -0.006042
v 0.019146 0.043628 -0.006148
v 0.019048 0.043614 -0.006042
v 0.019589 0.042120 -0.006148
v 0.019498 0.042079 -0.006042
v 0.020439 0.040798 -0.006148
v 0.020363 0.040733 -0.006042
v 0.021626 0.039769 -0.006148
v 0.021572 0.039685 -0.006042
v 0.023056 0.039116 -0.006148
v 0.023028 0.039021 -0.006042
v 0.024611 0.038893 -0.006148
v 0.024611 0.038793 -0.006042
v 0.026166 0.039116 -0.006148
v 0.026194 0.039021 -0.006042
v 0.027596 0.039769 -0.006148
v 0.027650 0.039685 -0.006042
v 0.028783 0.040798 -0.006148
v 0.028859 0.040733 -0.006042
v 0.029633 0.042120 -0.006148
v 0.029723 0.042079 -0.006042
v 0.030076 0.043628 -0.006148
v 0.030174 0.043614 -0.006042
v 0.030076 0.045199 -0.006148
v 0.030174 0.045213 -0.006042
v 0.029633 0.046707 -0.006148
v 0.029723 0.046748 -0.006042
v 0.028783 0.048029 -0.006148
v 0.028859 0.048094 -0.006042
v 0.027596 0.049058 -0.006148
v 0.027650 0.049142 -0.006042
v 0.026166 0.049711 -0.006148
v 0.026194 0.049806 -0.006042
v 0.022810 0.050548 -0.006000
v 0.022769 0.050687 -0.005857
v 0.024611 0.050952 -0.005857
v 0.024611 0.050807 -0.006000
v 0.021154 0.049792 -0.006000
v 0.021076 0.049914 -0.005857
v 0.019779 0.048600 -0.006000
v 0.019669 0.048695 -0.005857
v 0.018795 0.047069 -0.006000
v 0.018663 0.047130 -0.005857
v 0.018283 0.045323 -0.006000
v 0.018139 0.045344 -0.005857
v 0.018283 0.043504 -0.006000
v 0.018139 0.043483 -0.005857
v 0.018795 0.041757 -0.006000
v 0.018663 0.041697 -0.005857
v 0.019779 0.040227 -0.006000
v 0.019669 0.040132 -0.005857
v 0.021154 0.039035 -0.006000
v 0.021076 0.038913 -0.005857
v 0.022810 0.038279 -0.006000
v 0.022769 0.038140 -0.005857
v 0.024611 0.038020 -0.006000
v 0.024611 0.037875 -0.005857
v 0.026412 0.038279 -0.006000
v 0.026453 0.038140 -0.005857
v 0.028067 0.039035 -0.006000
v 0.028146 0.038913 -0.005857
v 0.029443 0.040227 -0.006000
v 0.029552 0.040132 -0.005857
v 0.030427 0.041757 -0.006000
v 0.030559 0.041697 -0.005857
v 0.030939 0.043504 -0.006000
v 0.031083 0.043483 -0.005857
v 0.030939 0.045323 -0.006000
v 0.031083 0.045344 -0.005857
v 0.030427 0.047069 -0.006000
v 0.030559 0.047130 -0.005857
v 0.029443 0.048600 -0.006000
v 0.029552 0.048695 -0.005857
v 0.028067 0.049792 -0.006000
v 0.028146 0.049914 -0.005857
v 0.026412 0.050548 -0.006000
v 0.026453 0.050687 -0.005857
v 0.011000 0.058622 -0.004887
v 0.011000 0.057817 -0.006000
v 0.009158 0.058357 -0.004887
v 0.009384 0.057585 -0.006000
v 0.007465 0.057584 -0.004887
v 0.007900 0.056907 -0.006000
v 0.006058 0.056365 -0.004887
v 0.006666 0.055838 -0.006000
v 0.005052 0.054799 -0.004887
v 0.005784 0.054465 -0.006000
v 0.004528 0.053014 -0.004887
v 0.005324 0.052899 -0.006000
v 0.004528 0.051153 -0.004887
v 0.005324 0.051267 -0.006000
v 0.005052 0.049367 -0.004887
v 0.005784 0.049701 -0.006000
v 0.006058 0.047801 -0.004887
v 0.006666 0.048328 -0.006000
v 0.007465 0.046582 -0.004887
v 0.007900 0.047259 -0.006000
v 0.009158 0.045809 -0.004887
v 0.009384 0.046581 -0.006000
v 0.011000 0.045544 -0.004887
v 0.011000 0.046349 -0.006000
v 0.012842 0.045809 -0.004887
v 0.012615 0.046581 -0.006000
v 0.014535 0.046582 -0.004887
v 0.014100 0.047259 -0.006000
v 0.015941 0.047801 -0.004887
v 0.015333 0.048328 -0.006000
v 0.016947 0.049367 -0.004887
v 0.016216 0.049701 -0.006000
v 0.017472 0.051153 -0.004887
v 0.016676 0.051267 -0.006000
v 0.017472 0.053014 -0.004887
v 0.016676 0.052899 -0.006000
v 0.016947 0.054799 -0.004887
v 0.016216 0.054465 -0.006000
v 0.015941 0.056365 -0.004887
v 0.015333 0.055838 -0.006000
v 0.014535 0.057584 -0.004887
v 0.014100 0.056907 -0.006000
v 0.012842 0.058357 -0.004887
v 0.012615 0.057585 -0.006000
v 0.009436 0.057408 -0.005020
v 0.011000 0.057632 -0.005020
v 0.008000 0.056751 -0.005020
v 0.006806 0.055717 -0.005020
v 0.005952 0.054388 -0.005020
v 0.005507 0.052873 -0.005020
v 0.005507 0.051293 -0.005020
v 0.005952 0.049778 -0.005020
v 0.006806 0.048449 -0.005020
v 0.008000 0.047415 -0.005020
v 0.009436 0.046759 -0.005020
v 0.011000 0.046534 -0.005020
v 0.012563 0.046759 -0.005020
v 0.014000 0.047415 -0.005020
v 0.015194 0.048449 -0.005020
v 0.016048 0.049778 -0.005020
v 0.016493 0.051293 -0.005020
v 0.016493 0.052873 -0.005020
v 0.016048 0.054388 -0.005020
v 0.015194 0.055717 -0.005020
v 0.014000 0.056751 -0.005020
v 0.012563 0.057408 -0.005020
v 0.009444 0.057380 -0.006148
v 0.009416 0.057476 -0.006042
v 0.011000 0.057703 -0.006042
v 0.011000 0.057604 -0.006148
v 0.008015 0.056728 -0.006148
v 0.007961 0.056811 -0.006042
v 0.006827 0.055698 -0.006148
v 0.006752 0.055764 -0.006042
v 0.005978 0.054377 -0.006148
v 0.005887 0.054418 -0.006042
v 0.005535 0.052869 -0.006148
v 0.005437 0.052883 -0.006042
v 0.005535 0.051297 -0.006148
v 0.005437 0.051283 -0.006042
v 0.005978 0.049790 -0.006148
v 0.005887 0.049748 -0.006042
v 0.006827 0.048468 -0.006148
v 0.006752 0.048402 -0.006042
v 0.008015 0.047439 -0.006148
v 0.007961 0.047355 -0.006042
v 0.009444 0.046786 -0.006148
v 0.009416 0.046690 -0.006042
v 0.011000 0.046562 -0.006148
v 0.011000 0.046463 -0.006042
v 0.012555 0.046786 -0.006148
v 0.012583 0.046690 -0.006042
v 0.013985 0.047439 -0.006148
v 0.014038 0.047355 -0.006042
v 0.015172 0.048468 -0.006148
v 0.015247 0.048402 -0.006042
v 0.016022 0.049790 -0.006148
v 0.016112 0.049748 -0.006042
v 0.016464 0.051297 -0.006148
v 0.016563 0.051283 -0.006042
v 0.016464 0.052869 -0.006148
v 0.016563 0.052883 -0.006042
v 0.016022 0.054377 -0.006148
v 0.016112 0.054418 -0.006042
v 0.015172 0.055698 -0.006148
v 0.015247 0.055764 -0.006042
v 0.013985 0.056728 -0.006148
v 0.014038 0.056811 -0.006042
v 0.012555 0.057380 -0.006148
v 0.012583 0.057476 -0.006042
v 0.009199 0.058217 -0.006000
v 0.009158 0.058357 -0.005857
v 0.011000 0.058622 -0.005857
v 0.011000 0.058476 -0.006000
v 0.007543 0.057462 -0.006000
v 0.007465 0.057584 -0.005857
v 0.006168 0.056270 -0.006000
v 0.006058 0.056365 -0.005857
v 0.005184 0.054739 -0.006000
v 0.005052 0.054799 -0.005857
v 0.004671 0.052993 -0.006000
v 0.004528 0.053014 -0.005857
v 0.004671 0.051173 -0.006000
v 0.004528 0.051153 -0.005857
v 0.005184 0.049427 -0.006000
v 0.005052 0.049367 -0.005857
v 0.006168 0.047896 -0.006000
v 0.006058 0.047801 -0.005857
v 0.007543 0.046705 -0.006000
v 0.007465 0.046582 -0.005857
v 0.009199 0.045949 -0.006000
v 0.009158 0.045809 -0.005857
v 0.011000 0.045690 -0.006000
v 0.011000 0.045544 -0.005857
v 0.012801 0.045949 -0.006000
v 0.012842 0.045809 -0.005857
v 0.014456 0.046705 -0.006000
v 0.014535 0.046582 -0.005857
v 0.015832 0.047896 -0.006000
v 0.015941 0.047801 -0.005857
v 0.016815 0.049427 -0.006000
v 0.016947 0.049367 -0.005857
v 0.017328 0.051173 -0.006000
v 0.017472 0.051153 -0.005857
v 0.017328 0.052993 -0.006000
v 0.017472 0.053014 -0.005857
v 0.016815 0.054739 -0.006000
v 0.016947 0.054799 -0.005857
v 0.015832 0.056270 -0.006000
v 0.015941 0.056365 -0.005857
v 0.014456 0.057462 -0.006000
v 0.014535 0.057584 -0.005857
v 0.012801 0.058217 -0.006000
v 0.012842 0.058357 -0.005857
v 0.010957 0.065661 -0.005063
v 0.009806 0.065432 -0.005063
v 0.008830 0.064780 -0.005063
v 0.008177 0.063804 -0.005063
v 0.007948 0.062653 -0.005063
v 0.008177 0.061501 -0.005063
v 0.008830 0.060525 -0.005063
v 0.009806 0.059873 -0.005063
v 0.010957 0.059644 -0.005063
v 0.012108 0.059873 -0.005063
v 0.013085 0.060525 -0.005063
v 0.013737 0.061501 -0.005063
v 0.013966 0.062653 -0.005063
v 0.013737 0.063804 -0.005063
v 0.013085 0.064780 -0.005063
v 0.012108 0.065432 -0.005063
v 0.009826 0.065383 -0.005484
v 0.009806 0.065432 -0.005431
v 0.010957 0.065661 -0.005431
v 0.010957 0.065608 -0.005484
v 0.008868 0.064742 -0.005484
v 0.008830 0.064780 -0.005431
v 0.008227 0.063784 -0.005484
v 0.008177 0.063804 -0.005431
v 0.008002 0.062653 -0.005484
v 0.007948 0.062653 -0.005431
v 0.008227 0.061522 -0.005484
v 0.008177 0.061501 -0.005431
v 0.008868 0.060563 -0.005484
v 0.008830 0.060525 -0.005431
v 0.009826 0.059923 -0.005484
v 0.009806 0.059873 -0.005431
v 0.010957 0.059698 -0.005484
v 0.010957 0.059644 -0.005431
v 0.012088 0.059923 -0.005484
v 0.012108 0.059873 -0.005431
v 0.013046 0.060563 -0.005484
v 0.013085 0.060525 -0.005431
v 0.013687 0.061522 -0.005484
v 0.013737 0.061501 -0.005431
v 0.013912 0.062653 -0.005484
v 0.013966 0.062653 -0.005431
v 0.013687 0.063784 -0.005484
v 0.013737 0.063804 -0.005431
v 0.013046 0.064742 -0.005484
v 0.013085 0.064780 -0.005431
v 0.012088 0.065383 -0.005484
v 0.012108 0.065432 -0.005431
v 0.035305 0.022505 -0.001154
v 0.035305 0.021826 -0.000972
v 0.035305 0.021328 -0.000474
v 0.035305 0.036550 -0.001154
v 0.035305 0.037727 -0.000474
v 0.035305 0.037229 -0.000972
v 0.036970 0.022505 -0.001154
v 0.036970 0.021328 -0.000474
v 0.036970 0.021826 -0.000972
v 0.036970 0.036550 -0.001154
v 0.036970 0.037229 -0.000972
v 0.036970 0.037727 -0.000474
v 0.035305 0.021146 0.000128
v 0.035305 0.022505 0.001487
v 0.035305 0.021328 0.000807
v 0.035305 0.021826 0.001305
v 0.035305 0.036550 0.001487
v 0.035305 0.037909 0.000128
v 0.035305 0.037229 0.001305
v 0.035305 0.037727 0.000807
v 0.036970 0.022505 0.001487
v 0.036970 0.021146 0.000128
v 0.036970 0.021826 0.001305
v 0.036970 0.021328 0.000807
v 0.036970 0.037909 0.000128
v 0.036970 0.036550 0.001487
v 0.036970 0.037727 0.000807
v 0.036970 0.037229 0.001305
v -0.031905 0.061293 0.004174
v -0.025910 0.065919 0.004174
v -0.031448 0.063065 0.004174
v -0.030149 0.064565 0.004174
v -0.028204 0.065567 0.004174
v -0.025910 -0.072472 0.004174
v -0.031905 -0.066478 0.004174
v -0.028204 -0.072016 0.004174
v -0.030149 -0.070716 0.004174
v -0.031448 -0.068772 0.004174
v 0.024907 0.065919 0.004174
v 0.030901 0.061296 0.004174
v 0.027201 0.065567 0.004174
v 0.029146 0.064565 0.004174
v 0.030445 0.063065 0.004174
v 0.030901 -0.066478 0.004174
v 0.024907 -0.072472 0.004174
v 0.030445 -0.068772 0.004174
v 0.029146 -0.070716 0.004174
v 0.027201 -0.072016 0.004174
v -0.013733 0.061293 0.004174
v -0.018740 0.065962 0.004174
v -0.015494 0.061643 0.004174
v -0.016987 0.062641 0.004174
v -0.017985 0.064134 0.004174
v 0.017598 0.066004 0.004174
v 0.012536 0.061293 0.004174
v 0.016788 0.064134 0.004174
v 0.015790 0.062641 0.004174
v 0.014297 0.061643 0.004174
v -0.031905 0.061293 0.004497
v -0.025910 0.065919 0.004497
v -0.031448 0.063065 0.004497
v -0.030149 0.064565 0.004497
v -0.028204 0.065567 0.004497
v -0.025910 -0.072472 0.004497
v -0.031905 -0.066478 0.004497
v -0.028204 -0.072016 0.004497
v -0.030149 -0.070716 0.004497
v -0.031448 -0.068772 0.004497
v 0.024907 0.065919 0.004497
v 0.030901 0.061296 0.004497
v 0.027201 0.065567 0.004497
v 0.029146 0.064565 0.004497
v 0.030445 0.063065 0.004497
v 0.030901 -0.066478 0.004497
v 0.024907 -0.072472 0.004497
v 0.030445 -0.068772 0.004497
v 0.029146 -0.070716 0.004497
v 0.027201 -0.072016 0.004497
v -0.013733 0.061293 0.004497
v -0.018740 0.065962 0.004497
v -0.015494 0.061643 0.004497
v -0.016987 0.062641 0.004497
v -0.017985 0.064134 0.004497
v 0.017598 0.066004 0.004497
v 0.012536 0.061293 0.004497
v 0.016788 0.064134 0.004497
v 0.015790 0.062641 0.004497
v 0.014297 0.061643 0.004497
v -0.035622 0.050410 0.000040
v -0.035618 0.050705 -0.000082
v -0.035622 0.045892 0.000040
v -0.035618 0.045596 -0.000082
v -0.037255 0.050410 -0.000074
v -0.037251 0.050705 -0.000197
v -0.037255 0.045892 -0.000074
v -0.037251 0.045596 -0.000197
v -0.035607 0.050828 -0.000388
v -0.035592 0.050410 -0.000806
v -0.035596 0.050705 -0.000683
v -0.035592 0.045892 -0.000806
v -0.035607 0.045473 -0.000388
v -0.035596 0.045596 -0.000683
v -0.037225 0.050410 -0.000920
v -0.037240 0.050828 -0.000502
v -0.037229 0.050705 -0.000798
v -0.037240 0.045473 -0.000502
v -0.037225 0.045892 -0.000920
v -0.037229 0.045596 -0.000798
v 0.007566 0.066667 0.003986
v 0.007715 0.066359 0.004076
v 0.007826 0.066008 0.004142
v 0.007894 0.065628 0.004183
v 0.007917 0.065232 0.004196
v 0.007894 0.064836 0.004183
v 0.007826 0.064455 0.004142
v 0.007715 0.064104 0.004076
v 0.007566 0.063796 0.003986
v 0.007020 0.066667 0.004112
v 0.007074 0.066359 0.004223
v 0.007113 0.066008 0.004305
v 0.007137 0.065628 0.004356
v 0.007146 0.065232 0.004373
v 0.007137 0.064836 0.004356
v 0.007113 0.064455 0.004305
v 0.007074 0.064104 0.004223
v 0.007020 0.063796 0.004112
v 0.006415 0.066667 0.004112
v 0.006361 0.066359 0.004223
v 0.006322 0.066008 0.004305
v 0.006297 0.065628 0.004356
v 0.006289 0.065232 0.004373
v 0.006297 0.064836 0.004356
v 0.006322 0.064455 0.004305
v 0.006361 0.064104 0.004223
v 0.006415 0.063796 0.004112
v 0.005869 0.066667 0.003986
v 0.005720 0.066359 0.004076
v 0.005609 0.066008 0.004142
v 0.005540 0.065628 0.004183
v 0.005517 0.065232 0.004196
v 0.005540 0.064836 0.004183
v 0.005609 0.064455 0.004142
v 0.005720 0.064104 0.004076
v 0.005869 0.063796 0.003986
v 0.005491 0.066667 0.003761
v 0.005275 0.066359 0.003810
v 0.005115 0.066008 0.003847
v 0.005017 0.065628 0.003870
v 0.004983 0.065232 0.003877
v 0.005017 0.064836 0.003870
v 0.005115 0.064455 0.003847
v 0.005275 0.064104 0.003810
v 0.005491 0.063796 0.003761
v 0.005285 0.066187 0.004382
v 0.007667 0.066206 0.004382
v 0.005820 0.066614 0.004382
v 0.007156 0.066614 0.004382
v 0.006488 0.066766 0.004382
v 0.004988 0.065570 0.004382
v 0.007988 0.065570 0.004382
v 0.004988 0.064885 0.004382
v 0.005820 0.063841 0.004382
v 0.005285 0.064268 0.004382
v 0.007156 0.063841 0.004382
v 0.007988 0.064885 0.004382
v 0.007691 0.064268 0.004382
v 0.006488 0.063689 0.004382
v 0.009466 0.040321 -0.005337
v 0.009342 0.040945 -0.005337
v 0.009820 0.039792 -0.005337
v 0.009466 0.041569 -0.005337
v 0.009820 0.042098 -0.005337
v 0.010349 0.039438 -0.005337
v 0.010973 0.039314 -0.005337
v 0.010349 0.042451 -0.005337
v 0.010973 0.042575 -0.005337
v 0.011597 0.042451 -0.005337
v 0.012603 0.040945 -0.005337
v 0.012479 0.040321 -0.005337
v 0.012479 0.041569 -0.005337
v 0.012126 0.039792 -0.005337
v 0.012126 0.042098 -0.005337
v 0.011597 0.039438 -0.005337
v 0.009466 0.040321 -0.005235
v 0.009342 0.040945 -0.005235
v 0.009820 0.039792 -0.005235
v 0.009466 0.041569 -0.005235
v 0.009820 0.042098 -0.005235
v 0.010349 0.039438 -0.005235
v 0.010973 0.039314 -0.005235
v 0.010349 0.042451 -0.005235
v 0.010973 0.042575 -0.005235
v 0.011597 0.042451 -0.005235
v 0.012603 0.040945 -0.005235
v 0.012479 0.040321 -0.005235
v 0.012479 0.041569 -0.005235
v 0.012126 0.039792 -0.005235
v 0.012126 0.042098 -0.005235
v 0.011597 0.039438 -0.005235
v -0.038146 0.018697 -0.001187
v -0.038146 0.018029 -0.001008
v -0.038146 0.017541 -0.000520
v -0.038146 0.027124 -0.001187
v -0.038146 0.028280 -0.000520
v -0.038146 0.027791 -0.001008
v -0.037243 0.018697 -0.001187
v -0.037243 0.017541 -0.000520
v -0.037243 0.018029 -0.001008
v -0.037243 0.027124 -0.001187
v -0.037243 0.027791 -0.001008
v -0.037243 0.028280 -0.000520
v -0.038146 0.017362 0.000131
v -0.038146 0.018697 0.001466
v -0.038146 0.017541 0.000799
v -0.038146 0.018029 0.001287
v -0.038146 0.027124 0.001466
v -0.038146 0.028459 0.000131
v -0.038146 0.027791 0.001287
v -0.038146 0.028280 0.000799
v -0.037243 0.018697 0.001466
v -0.037243 0.017362 0.000131
v -0.037243 0.018029 0.001287
v -0.037243 0.017541 0.000799
v -0.037243 0.028459 0.000131
v -0.037243 0.027124 0.001466
v -0.037243 0.028280 0.000799
v -0.037243 0.027791 0.001287
v -0.038146 0.031371 -0.001187
v -0.038146 0.030703 -0.001008
v -0.038146 0.030214 -0.000520
v -0.038146 0.039797 -0.001187
v -0.038146 0.040954 -0.000520
v -0.038146 0.040465 -0.001008
v -0.037243 0.031371 -0.001187
v -0.037243 0.030214 -0.000520
v -0.037243 0.030703 -0.001008
v -0.037243 0.039797 -0.001187
v -0.037243 0.040465 -0.001008
v -0.037243 0.040954 -0.000520
v -0.038146 0.030035 0.000131
v -0.038146 0.031371 0.001466
v -0.038146 0.030214 0.000799
v -0.038146 0.030703 0.001287
v -0.038146 0.039797 0.001466
v -0.038146 0.041132 0.000131
v -0.038146 0.040465 0.001287
v -0.038146 0.040954 0.000799
v -0.037243 0.031371 0.001466
v -0.037243 0.030035 0.000131
v -0.037243 0.030703 0.001287
v -0.037243 0.030214 0.000799
v -0.037243 0.041132 0.000131
v -0.037243 0.039797 0.001466
v -0.037243 0.040954 0.000799
v -0.037243 0.040465 0.001287
v 0.002432 -0.074909 -0.000667
v 0.002432 -0.074909 0.000267
v -0.003535 -0.074909 -0.000667
v -0.003535 -0.074909 0.000267
v 0.001905 -0.077302 -0.000348
v 0.002432 -0.076805 -0.000667
v 0.002278 -0.077157 -0.000573
v 0.001905 -0.077302 -0.000051
v 0.002432 -0.076805 0.000267
v 0.002278 -0.077157 0.000174
v -0.003008 -0.077302 -0.000348
v -0.003535 -0.076805 -0.000667
v -0.003380 -0.077157 -0.000573
v -0.003008 -0.077302 -0.000051
v -0.003535 -0.076805 0.000267
v -0.003380 -0.077157 0.000174
v -0.037618 0.044688 -0.003670
v -0.037367 0.044689 -0.003921
v -0.037618 0.044674 0.004044
v -0.037367 0.044674 0.004295
v -0.037618 0.053095 0.001191
v -0.037618 0.053100 0.004044
v -0.037618 0.053090 -0.001117
v -0.037367 0.053085 -0.003921
v -0.037618 0.053086 -0.003670
v -0.037367 0.053100 0.004295
v -0.037618 0.044679 0.001608
v -0.037618 0.044686 -0.002400
vt 0.258752 0.790620
vt 0.259802 0.786442
vt 0.260547 0.786938
vt 0.256582 0.788961
vt 0.259365 0.785663
vt 0.255359 0.786511
vt 0.259320 0.784764
vt 0.255336 0.783769
vt 0.259679 0.783927
vt 0.256516 0.781289
vt 0.260372 0.783321
vt 0.258659 0.779568
vt 0.261264 0.783071
vt 0.261337 0.778944
vt 0.262178 0.783228
vt 0.264018 0.779538
vt 0.262932 0.783759
vt 0.266176 0.781228
vt 0.263385 0.784525
vt 0.267380 0.783684
vt 0.263433 0.785408
vt 0.267380 0.786412
vt 0.263072 0.786225
vt 0.266187 0.788858
vt 0.262369 0.786810
vt 0.264058 0.790543
vt 0.261454 0.787038
vt 0.261420 0.791169
vt 0.493641 0.959967
vt 0.512682 0.959966
vt 0.508445 0.978530
vt 0.300611 0.790609
vt 0.301661 0.786430
vt 0.302409 0.786919
vt 0.298444 0.788947
vt 0.301226 0.785658
vt 0.297227 0.786499
vt 0.301188 0.784765
vt 0.297210 0.783763
vt 0.301547 0.783927
vt 0.298390 0.781289
vt 0.302241 0.783321
vt 0.300531 0.779569
vt 0.303134 0.783071
vt 0.303207 0.778944
vt 0.304048 0.783227
vt 0.305889 0.779536
vt 0.304803 0.783758
vt 0.308048 0.781226
vt 0.305256 0.784525
vt 0.309254 0.783684
vt 0.305305 0.785407
vt 0.309254 0.786415
vt 0.304943 0.786225
vt 0.308058 0.788863
vt 0.304241 0.786809
vt 0.305924 0.790547
vt 0.303329 0.787035
vt 0.303279 0.791165
vt 0.497697 0.978740
vt 0.493460 0.960177
vt 0.512500 0.960176
vt 0.291891 0.779531
vt 0.290799 0.783754
vt 0.290046 0.783228
vt 0.294058 0.781230
vt 0.291246 0.784546
vt 0.295265 0.783700
vt 0.291300 0.785444
vt 0.295265 0.786441
vt 0.290950 0.786266
vt 0.294065 0.788893
vt 0.290260 0.786844
vt 0.291928 0.790567
vt 0.289361 0.787044
vt 0.289294 0.791168
vt 0.288433 0.786929
vt 0.286639 0.790612
vt 0.287682 0.786442
vt 0.284475 0.788961
vt 0.287243 0.785671
vt 0.283252 0.786524
vt 0.287201 0.784778
vt 0.283222 0.783792
vt 0.287556 0.783939
vt 0.284388 0.781312
vt 0.288246 0.783330
vt 0.286522 0.779581
vt 0.289135 0.783077
vt 0.289199 0.778944
vt 0.498011 0.956665
vt 0.515166 0.964926
vt 0.503295 0.979813
vt 0.339060 0.786340
vt 0.343065 0.784598
vt 0.343108 0.785522
vt 0.339058 0.783586
vt 0.343423 0.783746
vt 0.340250 0.781105
vt 0.344108 0.783134
vt 0.342399 0.779389
vt 0.344983 0.782881
vt 0.345073 0.778782
vt 0.345863 0.783028
vt 0.347734 0.779406
vt 0.346577 0.783555
vt 0.349841 0.781128
vt 0.346973 0.784361
vt 0.350984 0.783582
vt 0.346977 0.785300
vt 0.350984 0.786283
vt 0.346673 0.786164
vt 0.349845 0.788749
vt 0.346020 0.786780
vt 0.347741 0.790484
vt 0.345161 0.787030
vt 0.345082 0.791122
vt 0.344275 0.786871
vt 0.342406 0.790527
vt 0.343540 0.786333
vt 0.340255 0.788818
vt 0.491186 0.965059
vt 0.508341 0.956798
vt 0.512578 0.975361
vt 0.331953 0.783064
vt 0.331113 0.778782
vt 0.333794 0.779374
vt 0.331039 0.782908
vt 0.328438 0.779406
vt 0.330146 0.783158
vt 0.326297 0.781124
vt 0.329451 0.783764
vt 0.325117 0.783596
vt 0.329092 0.784603
vt 0.325130 0.786330
vt 0.329126 0.785490
vt 0.326345 0.788779
vt 0.329563 0.786260
vt 0.328511 0.790444
vt 0.330314 0.786756
vt 0.331180 0.791004
vt 0.331234 0.786872
vt 0.333827 0.790386
vt 0.332146 0.786646
vt 0.335963 0.788702
vt 0.332848 0.786062
vt 0.337159 0.786253
vt 0.333209 0.785245
vt 0.337159 0.783522
vt 0.333161 0.784362
vt 0.335953 0.781064
vt 0.332708 0.783596
vt 0.503136 0.979945
vt 0.491264 0.965059
vt 0.508419 0.956797
vt 0.314571 0.790612
vt 0.315613 0.786442
vt 0.316365 0.786929
vt 0.312407 0.788961
vt 0.315174 0.785671
vt 0.311184 0.786524
vt 0.315132 0.784778
vt 0.311153 0.783792
vt 0.315487 0.783939
vt 0.312320 0.781312
vt 0.316177 0.783331
vt 0.314453 0.779581
vt 0.317066 0.783077
vt 0.317131 0.778944
vt 0.317978 0.783229
vt 0.319822 0.779531
vt 0.318731 0.783754
vt 0.321990 0.781230
vt 0.319178 0.784546
vt 0.323196 0.783700
vt 0.319231 0.785444
vt 0.323196 0.786441
vt 0.318881 0.786266
vt 0.321997 0.788893
vt 0.318191 0.786844
vt 0.319859 0.790567
vt 0.317292 0.787044
vt 0.317226 0.791168
vt 0.493656 0.960044
vt 0.512697 0.960044
vt 0.508460 0.978607
vt 0.280117 0.781207
vt 0.277331 0.784505
vt 0.276886 0.783733
vt 0.281323 0.783663
vt 0.277377 0.785387
vt 0.281323 0.786390
vt 0.277007 0.786199
vt 0.280133 0.788834
vt 0.276303 0.786797
vt 0.278011 0.790529
vt 0.275390 0.787039
vt 0.275371 0.791168
vt 0.274487 0.786940
vt 0.272698 0.790625
vt 0.273743 0.786444
vt 0.270525 0.788966
vt 0.273307 0.785666
vt 0.269301 0.786516
vt 0.273263 0.784767
vt 0.269279 0.783773
vt 0.273622 0.783929
vt 0.270459 0.781294
vt 0.274317 0.783323
vt 0.272599 0.779573
vt 0.275212 0.783072
vt 0.277952 0.779526
vt 0.276129 0.783229
vt 0.497688 0.956537
vt 0.514843 0.964799
vt 0.502971 0.979685
vt 0.613729 0.962221
vt 0.609554 0.967591
vt 0.609652 0.961328
vt 0.605593 0.962291
vt 0.608208 0.967974
vt 0.602357 0.964916
vt 0.607163 0.968895
vt 0.600588 0.968681
vt 0.606626 0.970165
vt 0.600642 0.972830
vt 0.606700 0.971527
vt 0.602504 0.976527
vt 0.607368 0.972706
vt 0.605788 0.979026
vt 0.608504 0.973458
vt 0.609811 0.979855
vt 0.609888 0.973605
vt 0.613792 0.978934
vt 0.611254 0.973301
vt 0.617022 0.976396
vt 0.612301 0.972424
vt 0.618835 0.972685
vt 0.612831 0.971178
vt 0.618835 0.968536
vt 0.612751 0.969817
vt 0.617010 0.964795
vt 0.610934 0.967821
vt 0.514970 0.970346
vt 0.497814 0.978607
vt 0.493578 0.960043
vt 0.363728 0.788708
vt 0.359919 0.786622
vt 0.360622 0.786051
vt 0.361582 0.790391
vt 0.359022 0.786872
vt 0.358913 0.790996
vt 0.358106 0.786714
vt 0.356235 0.790392
vt 0.357352 0.786183
vt 0.354079 0.788686
vt 0.356908 0.785388
vt 0.352883 0.786211
vt 0.356858 0.784490
vt 0.352895 0.783467
vt 0.357210 0.783672
vt 0.354110 0.781016
vt 0.357899 0.783100
vt 0.356269 0.779353
vt 0.358790 0.782906
vt 0.358922 0.778782
vt 0.359720 0.783054
vt 0.361580 0.779384
vt 0.360480 0.783575
vt 0.363728 0.781071
vt 0.360928 0.784359
vt 0.364930 0.783526
vt 0.360981 0.785242
vt 0.364930 0.786258
vt 0.491160 0.965059
vt 0.508315 0.956797
vt 0.512552 0.975360
vt 0.057823 0.929887
vt 0.054363 0.944432
vt 0.054363 0.929887
vt 0.061283 0.929887
vt 0.057823 0.944432
vt 0.064743 0.944432
vt 0.064743 0.929887
vt 0.020465 0.944432
vt 0.017005 0.929887
vt 0.020465 0.929887
vt 0.017005 0.944432
vt 0.013545 0.929887
vt 0.013545 0.944432
vt 0.010085 0.929887
vt 0.010085 0.944432
vt 0.006625 0.929887
vt 0.115941 0.944432
vt 0.112481 0.929887
vt 0.115941 0.929887
vt 0.112481 0.944432
vt 0.109021 0.929887
vt 0.068203 0.944432
vt 0.068203 0.929887
vt 0.071663 0.944432
vt 0.071663 0.929887
vt 0.075123 0.944432
vt 0.075123 0.929887
vt 0.254746 0.919652
vt 0.261683 0.928351
vt 0.258324 0.935326
vt 0.046682 0.846063
vt 0.028446 0.793540
vt 0.049328 0.795182
vt 0.090095 0.846826
vt 0.070028 0.796158
vt 0.090709 0.796890
vt 0.024051 0.730281
vt 0.002244 0.780589
vt 0.003330 0.727725
vt 0.346937 0.751600
vt 0.346392 0.749521
vt 0.380748 0.728833
vt 0.398140 0.904049
vt 0.407796 0.892730
vt 0.426971 0.894616
vt 0.444050 0.894830
vt 0.433651 0.890725
vt 0.434314 0.888294
vt 0.454800 0.837508
vt 0.425026 0.790872
vt 0.445100 0.786352
vt 0.508873 0.769997
vt 0.483326 0.720995
vt 0.503295 0.716805
vt 0.345944 0.848821
vt 0.135050 0.799846
vt 0.338985 0.803246
vt 0.044119 0.731144
vt 0.022863 0.779806
vt 0.403785 0.727117
vt 0.381671 0.769065
vt 0.111596 0.846279
vt 0.111700 0.797871
vt 0.105476 0.777835
vt 0.083762 0.731595
vt 0.103972 0.732308
vt 0.084717 0.779171
vt 0.063997 0.731398
vt 0.025239 0.845268
vt 0.006830 0.790055
vt 0.063959 0.779760
vt 0.134244 0.845232
vt 0.127151 0.734829
vt 0.374392 0.979658
vt 0.393208 0.980374
vt 0.374390 0.980303
vt 0.465222 0.779882
vt 0.424159 0.726004
vt 0.404348 0.772704
vt 0.363005 0.800607
vt 0.510292 0.694929
vt 0.996319 0.713720
vt 0.510965 0.724690
vt 0.433313 0.841216
vt 0.404806 0.794487
vt 0.466763 0.772299
vt 0.463670 0.723355
vt 0.390539 0.847179
vt 0.384290 0.797677
vt 0.443998 0.724889
vt 0.369063 0.848844
vt 0.425092 0.773699
vt 0.068354 0.849310
vt 0.068400 0.846721
vt 0.090123 0.849355
vt 0.111667 0.848832
vt 0.345916 0.851857
vt 0.338831 0.800134
vt 0.135239 0.796788
vt 0.111833 0.795309
vt 0.090804 0.794440
vt 0.070128 0.793698
vt 0.049478 0.792746
vt 0.028734 0.791096
vt 0.007366 0.787549
vt 0.482457 0.864710
vt 0.445441 0.866988
vt 0.445428 0.865067
vt 0.482954 0.718715
vt 0.502691 0.714496
vt 0.463447 0.721051
vt 0.443844 0.722542
vt 0.424038 0.723644
vt 0.403672 0.724612
vt 0.380574 0.725671
vt 0.127295 0.731609
vt 0.104108 0.729816
vt 0.083807 0.729243
vt 0.064025 0.729068
vt 0.044185 0.728776
vt 0.024239 0.727935
vt 0.003753 0.725318
vt 0.996376 0.722193
vt 0.511425 0.733159
vt 0.444473 0.784039
vt 0.464350 0.777569
vt 0.424556 0.788511
vt 0.404415 0.792097
vt 0.383937 0.795198
vt 0.362719 0.797997
vt 0.046591 0.848585
vt 0.025191 0.847737
vt 0.003641 0.845291
vt 0.480130 0.912757
vt 0.443331 0.908922
vt 0.480323 0.910785
vt 0.487619 0.773258
vt 0.487484 0.770842
vt 0.466917 0.774730
vt 0.446001 0.775885
vt 0.445917 0.773396
vt 0.425052 0.776141
vt 0.404110 0.775212
vt 0.127593 0.778536
vt 0.127442 0.775525
vt 0.105659 0.780309
vt 0.084828 0.781650
vt 0.063992 0.782182
vt 0.043346 0.779823
vt 0.043345 0.782224
vt 0.022904 0.782164
vt 0.510236 0.686456
vt 0.995647 0.683958
vt 0.476897 0.834303
vt 0.455201 0.840009
vt 0.433734 0.843774
vt 0.411855 0.844552
vt 0.412200 0.847058
vt 0.390792 0.849689
vt 0.369180 0.851431
vt 0.135317 0.794468
vt 0.338788 0.797771
vt 0.111910 0.793463
vt 0.090866 0.792685
vt 0.070196 0.791960
vt 0.049586 0.791007
vt 0.028950 0.789332
vt 0.007777 0.785798
vt 0.400328 0.865488
vt 0.002538 0.873303
vt 0.002929 0.866399
vt 0.482680 0.717070
vt 0.502234 0.712884
vt 0.463287 0.719424
vt 0.443735 0.720885
vt 0.423953 0.721954
vt 0.403602 0.722792
vt 0.380514 0.723356
vt 0.127323 0.729269
vt 0.104184 0.728015
vt 0.083833 0.727555
vt 0.064043 0.727401
vt 0.044233 0.727088
vt 0.024383 0.726255
vt 0.004083 0.723635
vt 0.996430 0.730658
vt 0.512040 0.741619
vt 0.444018 0.782385
vt 0.463704 0.775958
vt 0.424216 0.786829
vt 0.404133 0.790389
vt 0.383691 0.793446
vt 0.362528 0.796110
vt 0.349040 0.692614
vt 0.314920 0.718796
vt 0.356579 0.664439
vt 0.087122 0.990106
vt 0.059471 0.990944
vt 0.059474 0.989998
vt 0.355574 0.979587
vt 0.355571 0.980232
vt 0.114765 0.990215
vt 0.087118 0.991053
vt 0.336756 0.979516
vt 0.336754 0.980160
vt 0.142410 0.990324
vt 0.114761 0.991162
vt 0.317731 0.979444
vt 0.317728 0.980089
vt 0.224603 0.990758
vt 0.170365 0.990434
vt 0.224607 0.989812
vt 0.142406 0.991271
vt 0.280815 0.979874
vt 0.280812 0.980518
vt 0.252560 0.989922
vt 0.261789 0.979802
vt 0.261787 0.980446
vt 0.280203 0.990031
vt 0.252557 0.990868
vt 0.242973 0.979730
vt 0.242971 0.980375
vt 0.307847 0.990140
vt 0.280200 0.990977
vt 0.224160 0.979659
vt 0.224158 0.980303
vt 0.335490 0.990249
vt 0.307843 0.991087
vt 0.205348 0.979588
vt 0.205345 0.980232
vt 0.363132 0.990358
vt 0.335487 0.991196
vt 0.186534 0.979517
vt 0.186531 0.980161
vt 0.391076 0.991415
vt 0.391080 0.990469
vt 0.167511 0.979444
vt 0.167509 0.980088
vt 0.445306 0.990725
vt 0.445309 0.989779
vt 0.178081 0.974500
vt 0.297278 0.976581
vt 0.178047 0.976581
vt 0.412028 0.979800
vt 0.431055 0.980517
vt 0.412026 0.980445
vt 0.031826 0.990835
vt 0.003875 0.989779
vt 0.031829 0.989889
vt 0.393210 0.979729
vt 0.849083 0.647695
vt 0.850638 0.646455
vt 0.861029 0.647580
vt 0.669966 0.053259
vt 0.998609 0.053259
vt 0.866057 0.637139
vt 0.542156 0.785926
vt 0.522791 0.839115
vt 0.520356 0.837409
vt 0.519517 0.842831
vt 0.517745 0.840544
vt 0.510335 0.845853
vt 0.514398 0.842566
vt 0.515242 0.845161
vt 0.505310 0.844244
vt 0.510574 0.842920
vt 0.504270 0.838629
vt 0.506937 0.841560
vt 0.501318 0.840277
vt 0.503210 0.834739
vt 0.500127 0.834911
vt 0.503604 0.830477
vt 0.521643 0.776641
vt 0.526665 0.774924
vt 0.524204 0.778303
vt 0.524863 0.772572
vt 0.530181 0.773100
vt 0.529456 0.770337
vt 0.534243 0.773055
vt 0.539966 0.771881
vt 0.534686 0.769942
vt 0.544143 0.776091
vt 0.538173 0.774706
vt 0.541112 0.777932
vt 0.545655 0.781600
vt 0.542572 0.781874
vt 0.545012 0.786584
vt 0.500714 0.829871
vt 0.304678 0.927856
vt 0.310301 0.925148
vt 0.307181 0.938821
vt 0.461167 0.964155
vt 0.460623 0.971263
vt 0.456430 0.967661
vt 0.466049 0.969252
vt 0.463178 0.969613
vt 0.466957 0.964012
vt 0.469107 0.970323
vt 0.475477 0.969303
vt 0.471660 0.966093
vt 0.472623 0.975197
vt 0.471482 0.972371
vt 0.477807 0.974063
vt 0.472365 0.978252
vt 0.475074 0.985017
vt 0.477807 0.979675
vt 0.468155 0.982638
vt 0.470736 0.980843
vt 0.464494 0.987960
vt 0.465072 0.983122
vt 0.459655 0.986396
vt 0.455835 0.982787
vt 0.462199 0.982051
vt 0.453960 0.977888
vt 0.459459 0.978794
vt 0.459084 0.973887
vt 0.458851 0.976914
vt 0.453981 0.972633
vt 0.153037 0.978008
vt 0.139539 0.984509
vt 0.136205 0.969902
vt 0.169081 0.940096
vt 0.187775 0.931391
vt 0.187775 0.940096
vt 0.129294 0.940096
vt 0.147989 0.931391
vt 0.147989 0.940096
vt 0.417454 0.919481
vt 0.419992 0.921177
vt 0.419992 0.932022
vt 0.158442 0.940096
vt 0.155968 0.931391
vt 0.158442 0.931391
vt 0.155968 0.940096
vt 0.153308 0.931391
vt 0.153308 0.940096
vt 0.150649 0.931391
vt 0.150649 0.940096
vt 0.200888 0.931391
vt 0.198414 0.940096
vt 0.198414 0.931391
vt 0.123975 0.931391
vt 0.121316 0.940096
vt 0.121316 0.931391
vt 0.126635 0.931391
vt 0.123975 0.940096
vt 0.129294 0.931391
vt 0.126635 0.940096
vt 0.161102 0.931391
vt 0.163762 0.940096
vt 0.163762 0.931391
vt 0.166421 0.940096
vt 0.166421 0.931391
vt 0.169081 0.931391
vt 0.195754 0.931391
vt 0.193095 0.940096
vt 0.195754 0.940096
vt 0.193095 0.931391
vt 0.190435 0.940096
vt 0.190435 0.931391
vt 0.237819 0.760305
vt 0.200055 0.759902
vt 0.201878 0.758940
vt 0.109021 0.944432
vt 0.186621 0.750902
vt 0.197052 0.750724
vt 0.173614 0.751304
vt 0.184057 0.751061
vt 0.161046 0.751612
vt 0.171389 0.751360
vt 0.148799 0.761079
vt 0.150672 0.760132
vt 0.157204 0.760013
vt 0.136141 0.751986
vt 0.146528 0.751870
vt 0.130763 0.754635
vt 0.130297 0.756731
vt 0.332543 0.748229
vt 0.330680 0.747362
vt 0.338875 0.748102
vt 0.328221 0.747371
vt 0.326318 0.748361
vt 0.317729 0.747682
vt 0.274223 0.748045
vt 0.315202 0.747783
vt 0.313308 0.748754
vt 0.920968 0.795284
vt 0.924612 0.797719
vt 0.783950 0.922207
vt 0.936852 0.779399
vt 0.933208 0.776965
vt 0.946675 0.761589
vt 0.948270 0.971394
vt 0.933583 0.978849
vt 0.933064 0.974344
vt 0.949749 0.975428
vt 0.934064 0.983000
vt 0.951209 0.979443
vt 0.934534 0.987202
vt 0.952691 0.983571
vt 0.934988 0.991440
vt 0.961059 0.964284
vt 0.966361 0.971321
vt 0.963744 0.967870
vt 0.969030 0.974865
vt 0.971712 0.978450
vt 0.971401 0.953604
vt 0.978643 0.958923
vt 0.975134 0.956354
vt 0.985870 0.964167
vt 0.982235 0.961534
vt 0.978715 0.940730
vt 0.982556 0.942106
vt 0.990765 0.944965
vt 0.986607 0.943533
vt 0.985822 0.925910
vt 0.981660 0.925453
vt 0.989968 0.926344
vt 0.994166 0.926764
vt 0.998394 0.927165
vt 0.935003 0.750493
vt 0.949752 0.757531
vt 0.934540 0.754947
vt 0.935431 0.746373
vt 0.951088 0.753714
vt 0.935846 0.742198
vt 0.952488 0.749702
vt 0.936244 0.737991
vt 0.953903 0.745588
vt 0.965035 0.760818
vt 0.962373 0.764338
vt 0.967552 0.757480
vt 0.955354 0.741340
vt 0.970165 0.754024
vt 0.972311 0.774635
vt 0.975644 0.772326
vt 0.979176 0.769876
vt 0.986368 0.764850
vt 0.982762 0.767361
vt 0.982803 0.786456
vt 0.978547 0.787873
vt 0.986822 0.785124
vt 0.990954 0.783769
vt 0.981580 0.803097
vt 0.989864 0.802314
vt 0.985711 0.802709
vt 0.994058 0.801932
vt 0.998394 0.801558
vt 0.826126 0.980151
vt 0.811347 0.973194
vt 0.826531 0.975696
vt 0.825757 0.984311
vt 0.809938 0.977314
vt 0.825393 0.988522
vt 0.808604 0.981279
vt 0.825042 0.992771
vt 0.807230 0.985367
vt 0.796240 0.970218
vt 0.798798 0.966838
vt 0.793770 0.973543
vt 0.788556 0.980529
vt 0.791219 0.976974
vt 0.788869 0.956843
vt 0.782223 0.961580
vt 0.785648 0.959136
vt 0.775245 0.966593
vt 0.778742 0.964086
vt 0.778555 0.945399
vt 0.782660 0.944013
vt 0.774588 0.946720
vt 0.770508 0.948086
vt 0.775674 0.929215
vt 0.780217 0.928820
vt 0.771502 0.929593
vt 0.767282 0.929971
vt 0.763028 0.930341
vt 0.812295 0.753536
vt 0.828839 0.754870
vt 0.813803 0.757713
vt 0.828077 0.746629
vt 0.828460 0.750790
vt 0.810902 0.749574
vt 0.827700 0.742431
vt 0.809480 0.745458
vt 0.827336 0.738094
vt 0.800874 0.764512
vt 0.798391 0.761254
vt 0.793085 0.754228
vt 0.795759 0.757794
vt 0.790394 0.750637
vt 0.787123 0.772774
vt 0.790914 0.775431
vt 0.783570 0.770262
vt 0.779926 0.767670
vt 0.783832 0.788723
vt 0.775733 0.785987
vt 0.779890 0.787381
vt 0.767216 0.783178
vt 0.771487 0.784574
vt 0.776716 0.804014
vt 0.780976 0.804481
vt 0.772484 0.803575
vt 0.768209 0.803153
vt 0.763904 0.802755
vt 0.602080 0.900144
vt 0.614658 0.891062
vt 0.616620 0.898097
vt 0.612994 0.885403
vt 0.601941 0.891534
vt 0.601926 0.886996
vt 0.623129 0.880663
vt 0.614251 0.889690
vt 0.635125 0.876275
vt 0.625601 0.884516
vt 0.631747 0.873336
vt 0.642060 0.865615
vt 0.641171 0.852641
vt 0.637894 0.863680
vt 0.641176 0.841139
vt 0.645732 0.853316
vt 0.637727 0.830167
vt 0.645713 0.840469
vt 0.631341 0.820614
vt 0.641910 0.828211
vt 0.622533 0.813290
vt 0.634781 0.817555
vt 0.612029 0.808811
vt 0.624954 0.809384
vt 0.600626 0.802869
vt 0.613237 0.804334
vt 0.600722 0.807355
vt 0.588158 0.804928
vt 0.589510 0.809261
vt 0.576778 0.810419
vt 0.570934 0.821839
vt 0.579301 0.814205
vt 0.560808 0.829664
vt 0.567388 0.818894
vt 0.564967 0.831450
vt 0.557526 0.841776
vt 0.562115 0.853659
vt 0.561948 0.842332
vt 0.565550 0.864424
vt 0.557660 0.854353
vt 0.568448 0.876796
vt 0.561413 0.866395
vt 0.610318 0.815051
vt 0.571769 0.873817
vt 0.578023 0.884899
vt 0.580416 0.881088
vt 0.589546 0.889892
vt 0.587132 0.898718
vt 0.601955 0.892993
vt 0.573203 0.892431
vt 0.589162 0.891287
vt 0.630276 0.892040
vt 0.636232 0.877237
vt 0.641803 0.882259
vt 0.643414 0.866240
vt 0.650239 0.869520
vt 0.654732 0.854731
vt 0.647205 0.853532
vt 0.654734 0.839206
vt 0.647175 0.840247
vt 0.650175 0.824383
vt 0.643251 0.827569
vt 0.641589 0.811548
vt 0.635882 0.816560
vt 0.629760 0.801714
vt 0.625725 0.808121
vt 0.615659 0.795657
vt 0.613615 0.802910
vt 0.600505 0.793895
vt 0.600589 0.801401
vt 0.585542 0.796371
vt 0.587713 0.803534
vt 0.571859 0.802940
vt 0.575958 0.809206
vt 0.560571 0.813114
vt 0.566260 0.817961
vt 0.552670 0.826045
vt 0.559468 0.829088
vt 0.548704 0.840564
vt 0.556220 0.854584
vt 0.548843 0.855655
vt 0.560090 0.867031
vt 0.553333 0.870152
vt 0.567374 0.877760
vt 0.561761 0.882660
vt 0.577258 0.886136
vt 0.626386 0.885735
vt 0.706386 0.940863
vt 0.695582 0.949076
vt 0.698752 0.939504
vt 0.626877 0.869090
vt 0.571337 0.861694
vt 0.600834 0.813863
vt 0.632182 0.861085
vt 0.576651 0.869485
vt 0.591445 0.815433
vt 0.634687 0.851773
vt 0.583782 0.875695
vt 0.582894 0.819577
vt 0.634534 0.842157
vt 0.590768 0.885580
vt 0.592508 0.879465
vt 0.575863 0.825970
vt 0.631757 0.832958
vt 0.601868 0.880718
vt 0.570865 0.834047
vt 0.626452 0.824969
vt 0.611095 0.879110
vt 0.568412 0.843177
vt 0.619101 0.818835
vt 0.619660 0.875267
vt 0.568390 0.852662
vt 0.675626 0.973580
vt 0.682504 0.963254
vt 0.685903 0.968920
vt 0.632986 0.960176
vt 0.645579 0.962118
vt 0.641709 0.967768
vt 0.643110 0.898365
vt 0.655845 0.900381
vt 0.646915 0.904294
vt 0.699051 0.929366
vt 0.706392 0.928335
vt 0.654383 0.966356
vt 0.652099 0.973390
vt 0.634174 0.905945
vt 0.639480 0.910535
vt 0.696457 0.919677
vt 0.703023 0.916683
vt 0.634120 0.918662
vt 0.627752 0.915701
vt 0.691285 0.911299
vt 0.696648 0.906637
vt 0.694898 0.962037
vt 0.689920 0.957173
vt 0.631065 0.927902
vt 0.624212 0.926817
vt 0.684010 0.904813
vt 0.687808 0.898868
vt 0.689255 0.956563
vt 0.654661 0.965492
vt 0.631657 0.937522
vt 0.630751 0.937628
vt 0.623952 0.938333
vt 0.677184 0.893899
vt 0.675221 0.900663
vt 0.664061 0.968088
vt 0.664021 0.975210
vt 0.626447 0.950011
vt 0.633278 0.947140
vt 0.665572 0.892103
vt 0.665572 0.899172
vt 0.702013 0.952533
vt 0.638364 0.955557
vt 0.653869 0.893602
vt 0.673718 0.966969
vt 0.664089 0.967173
vt 0.673493 0.966104
vt 0.682047 0.962499
vt 0.694751 0.948662
vt 0.697822 0.939340
vt 0.698119 0.929472
vt 0.695608 0.920040
vt 0.690587 0.911882
vt 0.683515 0.905560
vt 0.674958 0.901529
vt 0.665560 0.900080
vt 0.656087 0.901264
vt 0.647387 0.905055
vt 0.640155 0.911134
vt 0.634934 0.919054
vt 0.631953 0.928058
vt 0.634124 0.946781
vt 0.639067 0.954981
vt 0.646083 0.961370
vt 0.556081 0.841595
vt 0.615984 0.898222
vt 0.625775 0.885967
vt 0.629594 0.892287
vt 0.622636 0.880931
vt 0.613644 0.889767
vt 0.612418 0.885533
vt 0.634635 0.876669
vt 0.625007 0.884742
vt 0.637506 0.864168
vt 0.631279 0.873642
vt 0.640871 0.853338
vt 0.641620 0.866151
vt 0.645648 0.841369
vt 0.645438 0.854072
vt 0.641142 0.841959
vt 0.642174 0.829139
vt 0.631982 0.821194
vt 0.638027 0.830960
vt 0.623433 0.813492
vt 0.635518 0.818259
vt 0.614262 0.804253
vt 0.625972 0.809663
vt 0.612917 0.808700
vt 0.601467 0.802415
vt 0.589999 0.808764
vt 0.601451 0.807062
vt 0.579549 0.813693
vt 0.588682 0.804305
vt 0.567365 0.818359
vt 0.576965 0.809765
vt 0.570902 0.821311
vt 0.560676 0.829223
vt 0.561785 0.842043
vt 0.564800 0.831031
vt 0.561991 0.853414
vt 0.557261 0.841436
vt 0.561185 0.866231
vt 0.557421 0.854136
vt 0.565281 0.864274
vt 0.568152 0.876706
vt 0.580127 0.880984
vt 0.571480 0.873751
vt 0.601441 0.813664
vt 0.589124 0.889859
vt 0.577708 0.884841
vt 0.601392 0.887065
vt 0.590334 0.885619
vt 0.601333 0.900325
vt 0.614046 0.891146
vt 0.586639 0.898289
vt 0.601407 0.893012
vt 0.635729 0.877648
vt 0.649656 0.870112
vt 0.641198 0.882697
vt 0.642941 0.866785
vt 0.654281 0.855611
vt 0.646878 0.854306
vt 0.654582 0.840324
vt 0.643526 0.828545
vt 0.650490 0.825612
vt 0.636655 0.817307
vt 0.642555 0.812529
vt 0.631094 0.802103
vt 0.626790 0.808416
vt 0.616973 0.795492
vt 0.614685 0.802817
vt 0.601551 0.793240
vt 0.601461 0.800917
vt 0.586134 0.795492
vt 0.576140 0.808518
vt 0.572007 0.802078
vt 0.566218 0.817399
vt 0.560456 0.812451
vt 0.552457 0.825533
vt 0.559335 0.828636
vt 0.548360 0.840190
vt 0.555803 0.841249
vt 0.548543 0.855448
vt 0.559865 0.866861
vt 0.553074 0.869983
vt 0.567065 0.877675
vt 0.561446 0.882556
vt 0.576934 0.886076
vt 0.572933 0.892289
vt 0.588733 0.891234
vt 0.706446 0.940004
vt 0.696492 0.948241
vt 0.699327 0.938752
vt 0.631613 0.861330
vt 0.571134 0.861550
vt 0.576339 0.869491
vt 0.591875 0.815084
vt 0.634517 0.852301
vt 0.583541 0.875616
vt 0.583118 0.819178
vt 0.634820 0.842755
vt 0.592125 0.879480
vt 0.575880 0.825556
vt 0.632185 0.833530
vt 0.601404 0.880744
vt 0.570778 0.833692
vt 0.627008 0.825444
vt 0.610639 0.879328
vt 0.568222 0.842905
vt 0.619756 0.819129
vt 0.619220 0.875522
vt 0.568370 0.852439
vt 0.611011 0.815045
vt 0.626502 0.869387
vt 0.687424 0.969035
vt 0.674987 0.967226
vt 0.683713 0.963083
vt 0.634404 0.962024
vt 0.647085 0.963531
vt 0.643465 0.969574
vt 0.652509 0.894027
vt 0.645894 0.905178
vt 0.641772 0.899299
vt 0.706976 0.927678
vt 0.699359 0.928751
vt 0.655998 0.967427
vt 0.654243 0.974190
vt 0.638541 0.911858
vt 0.632938 0.907387
vt 0.696512 0.919088
vt 0.703147 0.915837
vt 0.626795 0.917631
vt 0.633417 0.920318
vt 0.691017 0.910715
vt 0.696346 0.905801
vt 0.696646 0.961351
vt 0.691034 0.956515
vt 0.623825 0.929150
vt 0.630904 0.929851
vt 0.683414 0.904306
vt 0.687101 0.898136
vt 0.646416 0.905947
vt 0.682929 0.905089
vt 0.690335 0.955913
vt 0.624221 0.940965
vt 0.631217 0.939683
vt 0.674348 0.900361
vt 0.676121 0.893424
vt 0.665534 0.968699
vt 0.665756 0.975540
vt 0.634136 0.949062
vt 0.627796 0.952225
vt 0.664277 0.892018
vt 0.664548 0.899169
vt 0.702772 0.951146
vt 0.639612 0.957217
vt 0.654803 0.900812
vt 0.674721 0.966372
vt 0.683210 0.962331
vt 0.695657 0.947850
vt 0.698420 0.938618
vt 0.698438 0.928884
vt 0.695665 0.919482
vt 0.690324 0.911331
vt 0.674108 0.901247
vt 0.664570 0.900086
vt 0.655087 0.901687
vt 0.639251 0.912445
vt 0.634260 0.920677
vt 0.631812 0.929956
vt 0.632110 0.939533
vt 0.634958 0.948666
vt 0.640290 0.956609
vt 0.647563 0.962761
vt 0.656240 0.966562
vt 0.665523 0.967810
vt 0.676911 0.973580
vt 0.601399 0.891579
vt 0.647107 0.841176
vt 0.588248 0.802871
vt 0.555971 0.854369
vt 0.616819 0.898107
vt 0.626315 0.885566
vt 0.630274 0.891750
vt 0.612920 0.885378
vt 0.625522 0.884366
vt 0.614280 0.889671
vt 0.623051 0.880646
vt 0.634837 0.876150
vt 0.631514 0.873298
vt 0.641506 0.865706
vt 0.640624 0.853141
vt 0.637449 0.863832
vt 0.640667 0.841952
vt 0.645054 0.853821
vt 0.641723 0.829277
vt 0.645184 0.841340
vt 0.637673 0.831082
vt 0.635025 0.818642
vt 0.623083 0.813975
vt 0.631530 0.821563
vt 0.612840 0.809083
vt 0.625613 0.810196
vt 0.601595 0.807493
vt 0.614169 0.804760
vt 0.589069 0.804690
vt 0.601639 0.802921
vt 0.590367 0.809160
vt 0.577480 0.809927
vt 0.579958 0.813775
vt 0.567830 0.818239
vt 0.565094 0.830853
vt 0.571214 0.821188
vt 0.561826 0.841829
vt 0.560934 0.828927
vt 0.561943 0.853295
vt 0.557303 0.841157
vt 0.565148 0.864294
vt 0.557356 0.853938
vt 0.571496 0.873847
vt 0.560954 0.866243
vt 0.580268 0.881258
vt 0.568084 0.876875
vt 0.610931 0.815426
vt 0.601538 0.814015
vt 0.590657 0.885916
vt 0.577846 0.885116
vt 0.601863 0.887157
vt 0.589448 0.890293
vt 0.602056 0.900546
vt 0.614713 0.891048
vt 0.587226 0.898721
vt 0.601989 0.893187
vt 0.635935 0.877091
vt 0.649437 0.869444
vt 0.641437 0.881933
vt 0.642811 0.866305
vt 0.653736 0.855230
vt 0.646468 0.854033
vt 0.653966 0.840260
vt 0.643050 0.828681
vt 0.649884 0.825754
vt 0.641914 0.812959
vt 0.636140 0.817698
vt 0.630665 0.802779
vt 0.626430 0.808966
vt 0.616879 0.796206
vt 0.614592 0.803365
vt 0.601775 0.793925
vt 0.601641 0.801451
vt 0.586657 0.796014
vt 0.588656 0.803277
vt 0.572716 0.802272
vt 0.566709 0.817264
vt 0.561091 0.812231
vt 0.559602 0.828316
vt 0.552773 0.825072
vt 0.555839 0.840950
vt 0.548362 0.839764
vt 0.548348 0.855153
vt 0.555887 0.854156
vt 0.552678 0.869976
vt 0.559611 0.866874
vt 0.561173 0.882878
vt 0.577060 0.886374
vt 0.572937 0.893066
vt 0.589063 0.891700
vt 0.706600 0.939215
vt 0.697108 0.947527
vt 0.699697 0.938190
vt 0.631616 0.861135
vt 0.571125 0.861512
vt 0.576301 0.869589
vt 0.592160 0.815443
vt 0.634319 0.852199
vt 0.583673 0.875724
vt 0.583443 0.819258
vt 0.634369 0.842807
vt 0.592421 0.879517
vt 0.576082 0.825433
vt 0.631855 0.833661
vt 0.601796 0.880734
vt 0.571056 0.833617
vt 0.626729 0.825632
vt 0.611057 0.879199
vt 0.568173 0.842753
vt 0.619559 0.819392
vt 0.619574 0.875317
vt 0.568260 0.852366
vt 0.626720 0.869161
vt 0.688657 0.968111
vt 0.676379 0.966633
vt 0.684856 0.962345
vt 0.635641 0.962649
vt 0.648508 0.963668
vt 0.645067 0.969860
vt 0.642609 0.899207
vt 0.655219 0.900911
vt 0.646478 0.905231
vt 0.706701 0.927405
vt 0.699533 0.928393
vt 0.657596 0.967281
vt 0.656012 0.974082
vt 0.633185 0.907125
vt 0.639019 0.911976
vt 0.703406 0.915611
vt 0.696514 0.918912
vt 0.627132 0.917765
vt 0.633686 0.920582
vt 0.690939 0.910568
vt 0.696275 0.905558
vt 0.697542 0.960375
vt 0.691928 0.955747
vt 0.623688 0.929467
vt 0.631229 0.930246
vt 0.683286 0.904214
vt 0.686911 0.898054
vt 0.691229 0.955169
vt 0.657821 0.966415
vt 0.634523 0.920994
vt 0.631670 0.940205
vt 0.624513 0.941712
vt 0.674308 0.900385
vt 0.675997 0.893569
vt 0.667082 0.968317
vt 0.667458 0.975091
vt 0.634938 0.949597
vt 0.628600 0.953009
vt 0.664715 0.899301
vt 0.664414 0.892413
vt 0.703323 0.950205
vt 0.640724 0.957627
vt 0.653205 0.894512
vt 0.676096 0.965797
vt 0.684339 0.961620
vt 0.696283 0.947154
vt 0.698805 0.938081
vt 0.698629 0.928548
vt 0.695688 0.919323
vt 0.690246 0.911181
vt 0.682806 0.904992
vt 0.674073 0.901258
vt 0.664747 0.900200
vt 0.655502 0.901768
vt 0.647013 0.905971
vt 0.639739 0.912565
vt 0.632156 0.930330
vt 0.632577 0.940028
vt 0.635755 0.949166
vt 0.641380 0.956987
vt 0.648959 0.962878
vt 0.667049 0.967436
vt 0.678432 0.972854
vt 0.601952 0.891736
vt 0.646619 0.841142
vt 0.576685 0.808685
vt 0.566978 0.877866
vt 0.540747 0.870726
vt 0.541504 0.881469
vt 0.537996 0.872573
vt 0.502049 0.862884
vt 0.512859 0.861953
vt 0.503947 0.865624
vt 0.494270 0.901491
vt 0.503732 0.906482
vt 0.501901 0.909269
vt 0.531312 0.865735
vt 0.533143 0.862961
vt 0.512606 0.910237
vt 0.511996 0.913524
vt 0.522244 0.910231
vt 0.522947 0.913493
vt 0.537298 0.899409
vt 0.522120 0.909604
vt 0.494124 0.890617
vt 0.494408 0.870628
vt 0.497191 0.872428
vt 0.531102 0.906563
vt 0.532999 0.909287
vt 0.523109 0.858710
vt 0.522492 0.861987
vt 0.537826 0.899762
vt 0.540605 0.901554
vt 0.490265 0.880612
vt 0.493509 0.881212
vt 0.541499 0.890985
vt 0.544740 0.891583
vt 0.493501 0.890736
vt 0.490261 0.891405
vt 0.544740 0.880802
vt 0.497024 0.899637
vt 0.522363 0.862613
vt 0.512984 0.862589
vt 0.504303 0.866156
vt 0.497719 0.872782
vt 0.494124 0.881336
vt 0.497559 0.899290
vt 0.504092 0.905953
vt 0.512735 0.909601
vt 0.530746 0.906034
vt 0.540886 0.890862
vt 0.540881 0.881587
vt 0.537462 0.872919
vt 0.530953 0.866261
vt 0.512162 0.858683
vt 0.099521 0.950735
vt 0.017472 0.960460
vt 0.017472 0.950735
vt 0.123741 0.960460
vt 0.205789 0.950735
vt 0.205789 0.960461
vt 0.566486 0.773647
vt 0.559532 0.771784
vt 0.559532 0.748485
vt 0.217682 0.960461
vt 0.214007 0.950735
vt 0.217682 0.950735
vt 0.209898 0.960461
vt 0.209898 0.950735
vt 0.111848 0.960460
vt 0.115522 0.950735
vt 0.115522 0.960460
vt 0.119631 0.950735
vt 0.119631 0.960460
vt 0.005145 0.960460
vt 0.009254 0.950735
vt 0.009254 0.960460
vt 0.013363 0.960460
vt 0.107739 0.950735
vt 0.111848 0.950735
vt 0.107739 0.960460
vt 0.103630 0.950735
vt 0.103630 0.960460
vt 0.667049 0.033964
vt 0.577481 0.657098
vt 0.360745 0.033964
vt 0.341176 0.984813
vt 0.355703 0.986738
vt 0.341187 0.986817
vt 0.195327 0.997545
vt 0.212345 0.994983
vt 0.212352 0.997496
vt 0.355692 0.984733
vt 0.370220 0.986658
vt 0.179885 0.997590
vt 0.195320 0.995032
vt 0.810894 0.997630
vt 0.829086 0.995064
vt 0.829093 0.997578
vt 0.021646 0.996817
vt 0.165640 0.995118
vt 0.165647 0.997631
vt 0.329541 0.997158
vt 0.343508 0.994604
vt 0.343515 0.997118
vt 0.003438 0.994356
vt 0.021638 0.994303
vt 0.315567 0.997198
vt 0.329534 0.994645
vt 0.168254 0.984892
vt 0.182782 0.986817
vt 0.168265 0.986897
vt 0.286208 0.997283
vt 0.301586 0.994725
vt 0.301593 0.997239
vt 0.182771 0.984813
vt 0.197298 0.986737
vt 0.315560 0.994685
vt 0.197287 0.984733
vt 0.211815 0.986658
vt 0.529433 0.997214
vt 0.545280 0.994655
vt 0.545287 0.997168
vt 0.326659 0.984892
vt 0.211804 0.984653
vt 0.515459 0.997254
vt 0.529426 0.994701
vt 0.652684 0.996858
vt 0.666893 0.994303
vt 0.666901 0.996817
vt 0.501485 0.997295
vt 0.487504 0.994822
vt 0.501478 0.994781
vt 0.637243 0.996902
vt 0.652677 0.994344
vt 0.515452 0.994741
vt 0.620219 0.996952
vt 0.637236 0.994389
vt 0.810887 0.995117
vt 0.487511 0.997335
vt 0.602161 0.997004
vt 0.620212 0.994438
vt 0.179878 0.995077
vt 0.230412 0.997444
vt 0.286201 0.994770
vt 0.326670 0.986897
vt 0.230405 0.994931
vt 0.602153 0.994491
vt 0.057591 0.983498
vt 0.012716 0.967349
vt 0.057555 0.967249
vt 0.070352 0.967511
vt 0.115228 0.983654
vt 0.070389 0.983754
vt 0.658462 0.794135
vt 0.665419 0.787007
vt 0.665419 0.801093
vt 0.067176 0.967476
vt 0.063943 0.983624
vt 0.063906 0.967379
vt 0.067212 0.983720
vt 0.121673 0.983495
vt 0.118368 0.967362
vt 0.121636 0.967249
vt 0.118404 0.983605
vt 0.115191 0.967411
vt 0.060767 0.983531
vt 0.060731 0.967284
vt 0.006365 0.967507
vt 0.009576 0.983646
vt 0.006401 0.983753
vt 0.009540 0.967398
vt 0.012752 0.983598
vt 0.558724 0.965099
vt 0.565037 0.952851
vt 0.565129 0.965400
vt 0.571526 0.965000
vt 0.571226 0.952664
vt 0.577724 0.963882
vt 0.577236 0.952222
vt 0.583523 0.962096
vt 0.582912 0.951545
vt 0.588758 0.959733
vt 0.588150 0.950673
vt 0.541387 0.960076
vt 0.547126 0.951793
vt 0.546665 0.962368
vt 0.552824 0.952393
vt 0.552501 0.964073
vt 0.558846 0.952753
vt 0.582675 0.940307
vt 0.587902 0.940918
vt 0.541869 0.950991
vt 0.547215 0.940539
vt 0.552868 0.940041
vt 0.558823 0.939725
vt 0.564937 0.939577
vt 0.571049 0.939639
vt 0.577008 0.939883
vt 0.558701 0.927718
vt 0.564855 0.927358
vt 0.571014 0.927635
vt 0.577018 0.928501
vt 0.582724 0.929927
vt 0.588041 0.931867
vt 0.541737 0.932172
vt 0.547026 0.930164
vt 0.552710 0.928663
vt 0.588758 0.924728
vt 0.540926 0.925047
vt 0.546254 0.921884
vt 0.552121 0.919504
vt 0.558367 0.918032
vt 0.564789 0.917523
vt 0.571218 0.917944
vt 0.577486 0.919333
vt 0.583387 0.921634
vt 0.740505 0.950368
vt 0.724397 0.916163
vt 0.757431 0.916163
vt 0.456351 0.928512
vt 0.460525 0.923179
vt 0.461087 0.924150
vt 0.473928 0.922022
vt 0.480709 0.923479
vt 0.480100 0.924431
vt 0.453786 0.934415
vt 0.455451 0.927851
vt 0.452660 0.941113
vt 0.453770 0.940906
vt 0.455379 0.947562
vt 0.456327 0.946932
vt 0.467014 0.955124
vt 0.461063 0.951535
vt 0.467244 0.953997
vt 0.460426 0.952487
vt 0.484875 0.928805
vt 0.467256 0.922005
vt 0.474156 0.920902
vt 0.467085 0.920885
vt 0.473930 0.953970
vt 0.488553 0.934479
vt 0.487459 0.941135
vt 0.487456 0.934691
vt 0.480126 0.951595
vt 0.474125 0.955101
vt 0.484880 0.947088
vt 0.480718 0.952567
vt 0.485795 0.947749
vt 0.485794 0.928169
vt 0.735216 0.970538
vt 0.742153 0.960155
vt 0.764783 0.964657
vt 0.329157 0.946535
vt 0.334159 0.951537
vt 0.322324 0.971863
vt 0.525591 0.673018
vt 0.576142 0.667603
vt 0.576142 0.673018
vt 0.500813 0.667603
vt 0.450263 0.673018
vt 0.450262 0.667603
vt 0.437923 0.673018
vt 0.441971 0.667603
vt 0.441971 0.673018
vt 0.446117 0.667603
vt 0.446117 0.673018
vt 0.513153 0.673018
vt 0.509105 0.667603
vt 0.513153 0.667603
vt 0.509105 0.673018
vt 0.504959 0.667603
vt 0.504959 0.673018
vt 0.588580 0.667603
vt 0.584434 0.673018
vt 0.584434 0.667603
vt 0.580288 0.673018
vt 0.580288 0.667603
vt 0.517299 0.673018
vt 0.517299 0.667603
vt 0.521445 0.673018
vt 0.521445 0.667603
vt 0.447865 0.948026
vt 0.452867 0.953028
vt 0.441032 0.973355
vt 0.525619 0.680857
vt 0.576170 0.675441
vt 0.576170 0.680857
vt 0.500842 0.675441
vt 0.450291 0.680857
vt 0.450291 0.675441
vt 0.437951 0.680857
vt 0.441999 0.675441
vt 0.441999 0.680857
vt 0.446145 0.675441
vt 0.446145 0.680857
vt 0.513181 0.680857
vt 0.509133 0.675441
vt 0.513181 0.675441
vt 0.509133 0.680857
vt 0.504987 0.675441
vt 0.504987 0.680857
vt 0.588607 0.675441
vt 0.584462 0.680857
vt 0.584462 0.675441
vt 0.580315 0.680857
vt 0.580315 0.675441
vt 0.517327 0.680857
vt 0.517327 0.675441
vt 0.521473 0.680857
vt 0.521473 0.675441
vt 0.741771 0.822435
vt 0.744594 0.869136
vt 0.741771 0.869136
vt 0.672587 0.870299
vt 0.687986 0.856848
vt 0.682690 0.874235
vt 0.672587 0.844370
vt 0.687986 0.830919
vt 0.682690 0.848306
vt 0.741713 0.855480
vt 0.741713 0.874235
vt 0.689494 0.827892
vt 0.690395 0.822435
vt 0.691740 0.825198
vt 0.681296 0.825309
vt 0.685019 0.822865
vt 0.740000 0.851720
vt 0.691740 0.851127
vt 0.736511 0.849407
vt 0.689494 0.853821
vt 0.690395 0.848364
vt 0.685019 0.848794
vt 0.736511 0.823478
vt 0.741713 0.829551
vt 0.740000 0.825791
vt 0.741713 0.848306
vt 0.400379 0.867762
vt 0.003184 0.914497
vt 0.002725 0.907626
vt 0.400424 0.878434
vt 0.002328 0.880219
vt 0.443184 0.910862
vt 0.430380 0.881683
vt 0.427750 0.881024
vt 0.398823 0.897316
vt 0.402042 0.886207
vt 0.497878 0.956588
vt 0.503161 0.955382
vt 0.508444 0.956588
vt 0.515033 0.964849
vt 0.515033 0.970268
vt 0.512682 0.975151
vt 0.503162 0.979735
vt 0.491290 0.970269
vt 0.497878 0.978530
vt 0.493641 0.975151
vt 0.491290 0.964849
vt 0.493460 0.975361
vt 0.491108 0.970479
vt 0.491109 0.965059
vt 0.497696 0.956798
vt 0.502980 0.955592
vt 0.508263 0.956797
vt 0.514852 0.965059
vt 0.514852 0.970478
vt 0.512500 0.975361
vt 0.508263 0.978740
vt 0.502980 0.979945
vt 0.503295 0.955459
vt 0.508578 0.956665
vt 0.512815 0.960044
vt 0.515166 0.970345
vt 0.512815 0.975228
vt 0.508578 0.978607
vt 0.498011 0.978607
vt 0.493774 0.975228
vt 0.491423 0.970345
vt 0.491423 0.964926
vt 0.493774 0.960044
vt 0.493538 0.960177
vt 0.497774 0.956798
vt 0.503058 0.955592
vt 0.512578 0.960176
vt 0.514929 0.965059
vt 0.514929 0.970478
vt 0.508341 0.978740
vt 0.503058 0.979946
vt 0.497774 0.978740
vt 0.493538 0.975361
vt 0.491186 0.970478
vt 0.497853 0.978740
vt 0.493616 0.975361
vt 0.491264 0.970478
vt 0.493616 0.960176
vt 0.497852 0.956798
vt 0.503136 0.955592
vt 0.512656 0.960176
vt 0.515007 0.965059
vt 0.515008 0.970478
vt 0.512656 0.975360
vt 0.508419 0.978740
vt 0.497893 0.956665
vt 0.503177 0.955459
vt 0.508460 0.956665
vt 0.515048 0.964926
vt 0.515048 0.970346
vt 0.512697 0.975228
vt 0.503177 0.979813
vt 0.497893 0.978607
vt 0.493657 0.975229
vt 0.491305 0.970346
vt 0.491305 0.964927
vt 0.275272 0.778944
vt 0.493451 0.975101
vt 0.491100 0.970218
vt 0.491099 0.964799
vt 0.493451 0.959916
vt 0.502971 0.955331
vt 0.508255 0.956537
vt 0.512491 0.959916
vt 0.514843 0.970218
vt 0.512491 0.975100
vt 0.508254 0.978479
vt 0.497688 0.978479
vt 0.612074 0.968617
vt 0.512618 0.975228
vt 0.508381 0.978607
vt 0.503098 0.979813
vt 0.493578 0.975228
vt 0.491227 0.970345
vt 0.491227 0.964926
vt 0.497815 0.956664
vt 0.503099 0.955459
vt 0.508382 0.956665
vt 0.512619 0.960044
vt 0.514970 0.964927
vt 0.503032 0.979945
vt 0.497749 0.978740
vt 0.493512 0.975361
vt 0.491161 0.970478
vt 0.493512 0.960176
vt 0.497749 0.956797
vt 0.503032 0.955592
vt 0.512552 0.960176
vt 0.514904 0.965058
vt 0.514904 0.970478
vt 0.508316 0.978740
vt 0.061283 0.944432
vt 0.006625 0.944432
vt 0.254746 0.937049
vt 0.215845 0.937049
vt 0.215844 0.919652
vt 0.212267 0.935326
vt 0.209791 0.932222
vt 0.208908 0.928351
vt 0.209791 0.924479
vt 0.212267 0.921375
vt 0.258324 0.921375
vt 0.260799 0.924479
vt 0.260799 0.932222
vt 0.343069 0.747064
vt 0.341125 0.756391
vt 0.343317 0.756346
vt 0.345201 0.755394
vt 0.345009 0.747907
vt 0.346497 0.753701
vt 0.432024 0.892887
vt 0.403505 0.890514
vt 0.405425 0.892036
vt 0.429678 0.894258
vt 0.433933 0.885617
vt 0.444733 0.882292
vt 0.134255 0.848204
vt 0.482558 0.866706
vt 0.003760 0.847773
vt 0.508851 0.772461
vt 0.381527 0.772215
vt 0.002446 0.782955
vt 0.995187 0.675490
vt 0.477143 0.836861
vt 0.482355 0.863294
vt 0.340110 0.704252
vt 0.328472 0.713182
vt 0.300297 0.720721
vt 0.058658 0.720721
vt 0.356579 0.592101
vt 0.044035 0.718796
vt 0.030483 0.713182
vt 0.018845 0.704252
vt 0.009915 0.692614
vt 0.004301 0.679062
vt 0.002376 0.664439
vt 0.002376 0.059029
vt 0.004301 0.044406
vt 0.058658 0.002747
vt 0.356579 0.059029
vt 0.009915 0.030853
vt 0.018845 0.019216
vt 0.030483 0.010286
vt 0.044035 0.004672
vt 0.300297 0.002747
vt 0.314920 0.004672
vt 0.349040 0.030853
vt 0.328472 0.010286
vt 0.340110 0.019216
vt 0.354654 0.044406
vt 0.356579 0.632516
vt 0.354654 0.679062
vt 0.170361 0.991381
vt 0.363128 0.991305
vt 0.297312 0.974500
vt 0.431058 0.979872
vt 0.003871 0.990725
vt 0.868848 0.649364
vt 0.870986 0.647659
vt 0.947087 0.670231
vt 0.972913 0.663331
vt 0.960527 0.668462
vt 0.721487 0.670231
vt 0.866057 0.650001
vt 0.708048 0.668462
vt 0.816738 0.644663
vt 0.821095 0.648138
vt 0.817601 0.646455
vt 0.819156 0.647695
vt 0.847144 0.648138
vt 0.863267 0.649364
vt 0.851501 0.644663
vt 0.860275 0.646012
vt 0.859787 0.645001
vt 0.851501 0.642675
vt 0.859787 0.642139
vt 0.850638 0.640883
vt 0.861029 0.639560
vt 0.849083 0.639643
vt 0.863267 0.637775
vt 0.847144 0.639200
vt 0.821095 0.639200
vt 0.816738 0.642675
vt 0.695662 0.663331
vt 0.685026 0.655170
vt 0.676865 0.644534
vt 0.671735 0.632149
vt 0.669966 0.618709
vt 0.819156 0.639643
vt 0.671735 0.039819
vt 0.721487 0.001737
vt 0.676865 0.027434
vt 0.685026 0.016798
vt 0.695662 0.008637
vt 0.708048 0.003506
vt 0.947087 0.001737
vt 0.960527 0.003506
vt 0.996840 0.039819
vt 0.983548 0.016798
vt 0.972913 0.008637
vt 0.991710 0.027434
vt 0.998609 0.618709
vt 0.868848 0.637775
vt 0.996840 0.632149
vt 0.991710 0.644534
vt 0.983548 0.655170
vt 0.872327 0.645001
vt 0.872327 0.642139
vt 0.817601 0.640883
vt 0.871086 0.639560
vt 0.355347 0.925860
vt 0.357850 0.927856
vt 0.359239 0.930740
vt 0.359239 0.933941
vt 0.357850 0.936825
vt 0.355347 0.938821
vt 0.352226 0.939534
vt 0.310301 0.939534
vt 0.304678 0.936826
vt 0.303289 0.933941
vt 0.303289 0.930740
vt 0.307181 0.925860
vt 0.352226 0.925148
vt 0.469817 0.987804
vt 0.460040 0.979924
vt 0.143696 0.966295
vt 0.147853 0.967243
vt 0.151187 0.969902
vt 0.153037 0.973744
vt 0.151187 0.981850
vt 0.147853 0.984509
vt 0.143696 0.985457
vt 0.136205 0.981850
vt 0.134355 0.978008
vt 0.134355 0.973744
vt 0.139539 0.967244
vt 0.421688 0.923715
vt 0.421688 0.929484
vt 0.422283 0.926708
vt 0.417454 0.933718
vt 0.414460 0.918886
vt 0.414460 0.934313
vt 0.393006 0.934313
vt 0.390013 0.933718
vt 0.393006 0.918886
vt 0.387475 0.932022
vt 0.385779 0.923715
vt 0.385779 0.929484
vt 0.385184 0.926708
vt 0.387475 0.921177
vt 0.390013 0.919481
vt 0.200888 0.940096
vt 0.161102 0.940096
vt 0.199762 0.750539
vt 0.240476 0.747621
vt 0.271278 0.746726
vt 0.201660 0.751427
vt 0.237630 0.749049
vt 0.203009 0.753070
vt 0.235680 0.751593
vt 0.203536 0.755149
vt 0.235024 0.754740
vt 0.203125 0.757245
vt 0.235791 0.757853
vt 0.240673 0.761612
vt 0.197501 0.760002
vt 0.186809 0.760399
vt 0.184394 0.760489
vt 0.195482 0.759134
vt 0.188738 0.759383
vt 0.194054 0.757501
vt 0.190032 0.757643
vt 0.193482 0.755431
vt 0.190449 0.755528
vt 0.193901 0.753359
vt 0.189925 0.753447
vt 0.195178 0.751677
vt 0.188562 0.751797
vt 0.171476 0.760701
vt 0.173807 0.760700
vt 0.182406 0.759590
vt 0.175722 0.759728
vt 0.181010 0.757931
vt 0.177026 0.758022
vt 0.180473 0.755841
vt 0.177460 0.755918
vt 0.180893 0.753735
vt 0.176934 0.753834
vt 0.182176 0.752031
vt 0.175559 0.752187
vt 0.169592 0.759813
vt 0.161215 0.760845
vt 0.159107 0.760891
vt 0.168273 0.758175
vt 0.163079 0.759908
vt 0.167780 0.756108
vt 0.164362 0.758237
vt 0.168216 0.754021
vt 0.164795 0.756163
vt 0.169502 0.752327
vt 0.164288 0.754107
vt 0.162946 0.752482
vt 0.150540 0.752717
vt 0.148639 0.751842
vt 0.157072 0.752592
vt 0.158945 0.751642
vt 0.151879 0.754341
vt 0.155791 0.754266
vt 0.155362 0.756337
vt 0.152382 0.756390
vt 0.151953 0.758458
vt 0.155866 0.758389
vt 0.146674 0.761123
vt 0.144760 0.760248
vt 0.136285 0.761361
vt 0.134128 0.761395
vt 0.138178 0.760396
vt 0.143415 0.758619
vt 0.142909 0.756559
vt 0.139469 0.758702
vt 0.143347 0.754483
vt 0.139905 0.756612
vt 0.144641 0.752810
vt 0.139403 0.754537
vt 0.138060 0.752887
vt 0.132175 0.760493
vt 0.134005 0.752005
vt 0.132087 0.752950
vt 0.130808 0.758828
vt 0.328347 0.756758
vt 0.330861 0.756608
vt 0.332701 0.755658
vt 0.339199 0.755516
vt 0.333960 0.753979
vt 0.337838 0.753891
vt 0.334370 0.751903
vt 0.337314 0.751834
vt 0.333859 0.749844
vt 0.337687 0.749764
vt 0.340625 0.747172
vt 0.315350 0.757137
vt 0.318049 0.756961
vt 0.319911 0.756010
vt 0.326448 0.755881
vt 0.321182 0.754332
vt 0.325110 0.754251
vt 0.321600 0.752264
vt 0.324601 0.752185
vt 0.321059 0.750194
vt 0.325028 0.750081
vt 0.319680 0.748558
vt 0.271682 0.760921
vt 0.313453 0.756259
vt 0.274530 0.759463
vt 0.312107 0.754622
vt 0.276470 0.756892
vt 0.311588 0.752546
vt 0.277116 0.753693
vt 0.312016 0.750452
vt 0.276312 0.750533
vt 0.931624 0.759206
vt 0.928910 0.776110
vt 0.924611 0.776965
vt 0.920968 0.779400
vt 0.815949 0.761590
vt 0.831000 0.759206
vt 0.783950 0.806257
vt 0.918533 0.783044
vt 0.792884 0.778345
vt 0.803090 0.768140
vt 0.786334 0.791207
vt 0.786333 0.937259
vt 0.831001 0.969257
vt 0.918533 0.791640
vt 0.917678 0.787342
vt 0.803086 0.960326
vt 0.792871 0.950128
vt 0.815948 0.966878
vt 0.946676 0.966876
vt 0.931623 0.969257
vt 0.978673 0.922207
vt 0.969741 0.950120
vt 0.959544 0.960336
vt 0.976291 0.937258
vt 0.976292 0.791208
vt 0.978675 0.806259
vt 0.939287 0.791640
vt 0.928910 0.798574
vt 0.940142 0.787342
vt 0.936852 0.795284
vt 0.933208 0.797719
vt 0.969741 0.778346
vt 0.959534 0.768140
vt 0.939287 0.783044
vt 0.954210 0.987849
vt 0.994955 0.946387
vt 0.972892 0.750407
vt 0.995234 0.782380
vt 0.805794 0.989610
vt 0.766282 0.949508
vt 0.808026 0.741156
vt 0.776133 0.764969
vt 0.099521 0.960460
vt 0.123741 0.950735
vt 0.554441 0.766693
vt 0.554441 0.753576
vt 0.552577 0.759739
vt 0.566486 0.746622
vt 0.710245 0.746622
vt 0.710245 0.773647
vt 0.717199 0.748485
vt 0.722290 0.753576
vt 0.717199 0.771784
vt 0.724153 0.759739
vt 0.722290 0.766693
vt 0.214007 0.960461
vt 0.005145 0.950735
vt 0.013363 0.950735
vt 0.378792 0.677942
vt 0.369308 0.673054
vt 0.360745 0.657098
vt 0.362970 0.665740
vt 0.449368 0.657098
vt 0.440778 0.658807
vt 0.362971 0.022776
vt 0.369308 0.013291
vt 0.378793 0.006953
vt 0.389981 0.004728
vt 0.637814 0.004728
vt 0.649002 0.006953
vt 0.658486 0.013291
vt 0.664824 0.022776
vt 0.667049 0.657111
vt 0.664824 0.665740
vt 0.658486 0.673054
vt 0.649001 0.677942
vt 0.637813 0.679658
vt 0.602169 0.680071
vt 0.598217 0.670954
vt 0.593351 0.663672
vt 0.586069 0.658806
vt 0.433495 0.663672
vt 0.389980 0.679658
vt 0.428630 0.670954
vt 0.424950 0.679867
vt 0.370209 0.984653
vt 0.003445 0.996869
vt 0.747540 0.794135
vt 0.745502 0.799055
vt 0.740583 0.801093
vt 0.740583 0.787007
vt 0.660500 0.799055
vt 0.660500 0.789045
vt 0.745502 0.789045
vt 0.541994 0.941219
vt 0.731748 0.948369
vt 0.724397 0.942507
vt 0.720318 0.934036
vt 0.720318 0.924634
vt 0.731748 0.910301
vt 0.740914 0.908209
vt 0.750080 0.910301
vt 0.761511 0.924634
vt 0.761511 0.934036
vt 0.757432 0.942507
vt 0.750080 0.948369
vt 0.452692 0.934170
vt 0.488553 0.941379
vt 0.767219 0.970538
vt 0.767219 0.976903
vt 0.764783 0.982785
vt 0.760282 0.987286
vt 0.754401 0.989722
vt 0.748035 0.989722
vt 0.742153 0.987286
vt 0.737652 0.982785
vt 0.735216 0.976904
vt 0.737652 0.964657
vt 0.748035 0.957719
vt 0.754400 0.957719
vt 0.760282 0.960155
vt 0.335990 0.958370
vt 0.334159 0.965030
vt 0.329157 0.970032
vt 0.236070 0.971863
vt 0.322324 0.944704
vt 0.229237 0.970032
vt 0.236070 0.944704
vt 0.229237 0.946535
vt 0.224235 0.965030
vt 0.222404 0.958370
vt 0.224235 0.951537
vt 0.525591 0.667603
vt 0.500813 0.673018
vt 0.437923 0.667603
vt 0.588580 0.673018
vt 0.454698 0.959861
vt 0.452867 0.966521
vt 0.447865 0.971524
vt 0.354779 0.973355
vt 0.441032 0.946195
vt 0.347945 0.971524
vt 0.354779 0.946195
vt 0.347945 0.948026
vt 0.342943 0.966521
vt 0.341112 0.959861
vt 0.342943 0.953028
vt 0.525619 0.675441
vt 0.500842 0.680857
vt 0.437951 0.675441
vt 0.588607 0.680857
vt 0.744594 0.822435
vt 0.681296 0.851238
vt 0.398084 0.906339
vt 0.406251 0.880850
vt 0.404165 0.882046
vt 0.408621 0.880488
vt 0.432550 0.883290
vt 0.402328 0.888403
vt 0.402689 0.883926
vn 1.0000 0.0000 -0.0000
vn 0.9010 0.0000 0.4339
vn 0.6235 0.0000 0.7818
vn 0.2225 0.0000 0.9749
vn -0.2225 0.0000 0.9749
vn -0.6235 0.0000 0.7818
vn -0.9010 0.0000 0.4339
vn -1.0000 0.0000 -0.0000
vn -0.9010 0.0000 -0.4339
vn -0.6235 0.0000 -0.7818
vn -0.2225 0.0000 -0.9749
vn 0.2225 0.0000 -0.9749
vn 0.6235 0.0000 -0.7818
vn 0.9010 0.0000 -0.4339
vn 0.0000 -1.0000 0.0000
vn 0.0405 -0.0001 0.9992
vn 0.0406 -0.0000 0.9992
vn -0.0405 -0.0000 0.9992
vn -0.0405 0.0000 -0.9992
vn 0.0405 0.0000 -0.9992
vn 0.0405 -0.0001 -0.9992
vn -0.8656 0.4998 -0.0296
vn -0.9655 0.2587 0.0297
vn -0.8656 0.4998 0.0297
vn -0.4998 0.8656 -0.0297
vn -0.7068 0.7068 0.0297
vn -0.4998 0.8656 0.0297
vn 0.9655 -0.2587 0.0297
vn 0.9995 -0.0031 -0.0306
vn 0.9995 -0.0031 0.0306
vn -0.0392 -0.9867 0.1576
vn -0.9995 -0.0007 -0.0331
vn 0.9655 0.2587 -0.0297
vn 0.8656 0.4998 0.0297
vn 0.9655 0.2587 0.0297
vn -0.9995 -0.0036 -0.0305
vn -0.9655 -0.2587 0.0297
vn -0.9995 -0.0035 0.0306
vn 0.0076 0.9995 -0.0306
vn -0.0076 0.9995 0.0306
vn 0.0076 0.9995 0.0306
vn 0.8656 -0.4998 0.0297
vn 0.9655 -0.2587 -0.0297
vn -0.2587 -0.9655 0.0297
vn -0.0392 -0.9867 -0.1575
vn -0.2587 0.9655 -0.0297
vn -0.2587 0.9655 0.0297
vn 0.2587 -0.9655 -0.0297
vn 0.4998 -0.8656 0.0297
vn 0.2587 -0.9655 0.0297
vn 0.4998 -0.8656 -0.0297
vn 0.7068 -0.7068 0.0296
vn -0.9655 0.2587 -0.0297
vn -0.9987 0.0417 0.0305
vn 0.7068 -0.7068 -0.0297
vn -0.0076 0.9995 -0.0306
vn 0.0518 -0.9768 0.2078
vn -0.7071 -0.7071 0.0000
vn -0.8660 -0.5000 0.0000
vn 0.9995 0.0032 0.0306
vn -0.4998 -0.8656 0.0297
vn -0.2587 -0.9655 -0.0297
vn 0.2587 0.9655 0.0297
vn 0.8656 0.4998 -0.0297
vn 0.7068 0.7068 0.0296
vn -0.8656 -0.4998 -0.0296
vn -0.8656 -0.4998 0.0296
vn 0.4998 0.8656 -0.0297
vn 0.4998 0.8656 0.0297
vn -0.7068 -0.7068 0.0297
vn 0.2587 0.9655 -0.0297
vn -0.4998 -0.8656 -0.0297
vn -0.0001 0.0000 -1.0000
vn -0.7068 0.7068 -0.0297
vn 0.0001 0.0001 -1.0000
vn -0.0002 0.0000 -1.0000
vn -0.0000 0.0000 -1.0000
vn 0.0035 0.4592 0.8883
vn -0.0035 0.4592 0.8883
vn -0.1220 0.4557 0.8817
vn -0.2361 0.4089 0.8815
vn -0.3339 0.3339 0.8815
vn -0.4089 0.2361 0.8815
vn -0.4557 0.1220 0.8817
vn -0.0742 0.0031 0.9972
vn -0.9989 0.0000 0.0474
vn -0.0561 -0.0000 0.9984
vn -0.4557 -0.1220 0.8817
vn -0.4370 -0.0015 0.8995
vn -0.4089 -0.2361 0.8815
vn -0.3339 -0.3339 0.8815
vn -0.2361 -0.4089 0.8815
vn -0.1220 -0.4557 0.8817
vn -0.0035 -0.4592 0.8884
vn 0.0035 -0.4592 0.8883
vn 0.1220 -0.4557 0.8817
vn 0.2361 -0.4089 0.8815
vn 0.3339 -0.3339 0.8815
vn 0.4089 -0.2361 0.8815
vn 0.4557 -0.1220 0.8817
vn 0.4591 -0.0015 0.8884
vn 0.4591 0.0014 0.8884
vn 0.4557 0.1220 0.8817
vn 0.4089 0.2361 0.8815
vn 0.3339 0.3339 0.8815
vn 0.2361 0.4089 0.8815
vn 0.1220 0.4557 0.8817
vn 0.0002 0.0004 -1.0000
vn -0.0002 -0.0003 -1.0000
vn -0.9987 0.0417 -0.0306
vn -0.0000 -0.0001 -1.0000
vn -0.9988 0.0000 -0.0495
vn 0.0000 -0.0003 -1.0000
vn -0.9655 -0.2587 -0.0297
vn 0.0002 -0.0004 -1.0000
vn 0.0001 -0.0002 -1.0000
vn -0.7068 -0.7068 -0.0296
vn -0.0004 0.0002 -1.0000
vn 0.0003 -0.0002 -1.0000
vn 0.0002 0.0000 -1.0000
vn 0.0603 -0.9684 -0.2420
vn 0.0001 0.0000 -1.0000
vn 0.8656 -0.4998 -0.0296
vn 0.0002 0.0002 -1.0000
vn 0.9995 0.0031 -0.0306
vn 0.0000 0.0001 -1.0000
vn -0.0000 0.0002 -1.0000
vn 0.7068 0.7068 -0.0296
vn 0.0002 -0.0001 -1.0000
vn -0.0001 0.0001 -1.0000
vn 0.0000 0.0000 1.0000
vn -0.3053 0.0000 0.9522
vn 0.7071 0.7071 0.0000
vn 0.8660 0.5000 0.0000
vn -0.5000 -0.8660 0.0000
vn 0.5000 0.8660 0.0000
vn -0.2588 -0.9659 0.0000
vn 0.2588 0.9659 0.0000
vn -0.0074 -1.0000 0.0000
vn -0.0074 1.0000 -0.0000
vn 0.0074 1.0000 0.0000
vn 0.0074 -1.0000 0.0000
vn -0.2588 0.9659 0.0000
vn 0.2588 -0.9659 0.0000
vn -0.5000 0.8660 0.0000
vn 0.5000 -0.8660 0.0000
vn -0.7071 0.7071 0.0000
vn 0.7071 -0.7071 0.0000
vn -0.8660 0.5000 0.0000
vn 0.8660 -0.5000 0.0000
vn -0.9659 0.2588 0.0000
vn 0.9659 -0.2588 0.0000
vn -1.0000 0.0031 0.0000
vn 1.0000 -0.0031 0.0000
vn -1.0000 -0.0031 0.0000
vn 1.0000 0.0031 -0.0000
vn -0.9659 -0.2588 0.0000
vn 0.9659 0.2588 0.0000
vn 0.0158 -0.9999 -0.0000
vn -0.0158 -0.9999 -0.0000
vn -0.0158 -0.9999 0.0001
vn -0.4339 -0.9010 0.0000
vn -0.9749 -0.2225 -0.0000
vn -0.7818 -0.6235 0.0000
vn -0.9749 0.2225 0.0000
vn -0.7818 0.6235 -0.0000
vn -0.4339 0.9010 -0.0000
vn -0.0158 0.9999 -0.0000
vn 0.0158 0.9999 -0.0000
vn 0.4339 0.9010 0.0000
vn 0.7818 0.6235 -0.0000
vn 0.9749 0.2225 -0.0000
vn 0.9749 -0.2225 -0.0000
vn 0.7818 -0.6235 0.0000
vn 0.4339 -0.9010 0.0000
vn -0.4317 -0.9020 -0.0000
vn -0.7787 -0.6273 -0.0040
vn -0.7848 -0.6197 -0.0041
vn -0.9733 -0.2293 -0.0040
vn -0.9733 -0.2295 -0.0040
vn -0.0000 1.0000 -0.0000
vn 0.9010 -0.4339 -0.0000
vn -0.0000 0.0244 -0.9997
vn -0.0000 -0.0244 -0.9997
vn 0.0000 -0.0244 0.9997
vn 0.0000 0.0244 0.9997
vn -0.0000 0.0243 0.9997
vn 0.0000 0.9183 0.3959
vn 0.0000 0.7071 0.7071
vn 0.0000 0.3827 0.9239
vn 0.0000 -0.9183 0.3959
vn 0.0000 -0.7071 0.7071
vn 0.0000 -0.3827 0.9239
vn -0.0000 0.9239 -0.3827
vn -0.0000 0.7071 -0.7071
vn -0.0000 0.3827 -0.9239
vn -0.0000 0.0243 -0.9997
vn -0.0000 -0.9239 -0.3827
vn -0.0000 -0.7071 -0.7071
vn -0.0000 -0.3827 -0.9239
vn 0.0000 -1.0000 -0.0001
vn -0.0405 -0.0002 -0.9992
vn 0.0000 -1.0000 0.0001
vn 0.0005 0.0006 -1.0000
vn 0.0002 0.0012 -1.0000
vn -0.0033 -0.0024 -1.0000
vn 0.2998 -0.9358 -0.1856
vn 0.0193 -0.9265 -0.3757
vn 0.0204 -0.9828 -0.1837
vn 0.2820 -0.8788 -0.3849
vn 0.0150 -0.7009 -0.7131
vn 0.2113 -0.6564 -0.7242
vn 0.0081 -0.3724 -0.9280
vn 0.1089 -0.3372 -0.9351
vn 0.0044 -0.1944 -0.9809
vn 0.5776 -0.7950 -0.1856
vn 0.4050 -0.5574 -0.7248
vn 0.5424 -0.7465 -0.3855
vn 0.2087 -0.2869 -0.9350
vn 0.1130 -0.1549 -0.9815
vn 0.7931 -0.5791 -0.1885
vn 0.5574 -0.4050 -0.7248
vn 0.7452 -0.5421 -0.3883
vn 0.1560 -0.1133 -0.9812
vn 0.2880 -0.2092 -0.9345
vn 0.9332 -0.3021 -0.1944
vn 0.8752 -0.2818 -0.3932
vn 0.3395 -0.1097 -0.9342
vn 0.6564 -0.2112 -0.7243
vn 0.9220 -0.0170 -0.3869
vn 0.9806 -0.0179 -0.1953
vn 0.7011 -0.0132 -0.7130
vn 0.3708 -0.0073 -0.9287
vn 0.1927 -0.0039 -0.9813
vn 0.0193 0.9243 -0.3813
vn 0.2995 0.9347 -0.1913
vn 0.0201 0.9816 -0.1901
vn 0.0150 0.7009 -0.7131
vn 0.2813 0.8766 -0.3904
vn 0.0081 0.3703 -0.9289
vn 0.2112 0.6564 -0.7243
vn 0.0043 0.1923 -0.9813
vn 0.1084 0.3360 -0.9356
vn 0.5411 0.7447 -0.3906
vn 0.5769 0.7941 -0.1914
vn 0.4049 0.5574 -0.7248
vn 0.0580 0.1799 -0.9820
vn 0.2072 0.2848 -0.9359
vn 0.7941 0.5769 -0.1913
vn 0.7447 0.5410 -0.3908
vn 0.5574 0.4049 -0.7248
vn 0.1541 0.1120 -0.9817
vn 0.2860 0.2078 -0.9354
vn 0.8766 0.2813 -0.3904
vn 0.9347 0.2994 -0.1914
vn 0.6564 0.2112 -0.7243
vn 0.3359 0.1087 -0.9356
vn 0.9807 0.0185 -0.1946
vn 0.7011 0.0132 -0.7130
vn 0.9222 0.0171 -0.3863
vn 0.3702 0.0072 -0.9289
vn 0.1920 0.0038 -0.9814
vn -0.0194 -0.9265 -0.3758
vn -0.2999 -0.9357 -0.1856
vn -0.0204 -0.9828 -0.1837
vn -0.0149 -0.7009 -0.7131
vn -0.2819 -0.8789 -0.3849
vn -0.0081 -0.3724 -0.9280
vn -0.2113 -0.6564 -0.7242
vn -0.0044 -0.1944 -0.9809
vn -0.1084 -0.3360 -0.9356
vn -0.5412 -0.7459 -0.3882
vn -0.5754 -0.7959 -0.1884
vn -0.4049 -0.5574 -0.7248
vn -0.1114 -0.1527 -0.9820
vn -0.2072 -0.2848 -0.9359
vn -0.7941 -0.5769 -0.1914
vn -0.5574 -0.4050 -0.7248
vn -0.7447 -0.5410 -0.3909
vn -0.1541 -0.1120 -0.9817
vn -0.2860 -0.2078 -0.9354
vn -0.8780 -0.2808 -0.3875
vn -0.9360 -0.2972 -0.1884
vn -0.6565 -0.2113 -0.7242
vn -0.3371 -0.1089 -0.9351
vn -0.9246 -0.0172 -0.3805
vn -0.9819 -0.0183 -0.1886
vn -0.7011 -0.0132 -0.7130
vn -0.3726 -0.0072 -0.9280
vn -0.1945 -0.0038 -0.9809
vn -0.2813 0.8766 -0.3904
vn -0.0204 0.9817 -0.1893
vn -0.2994 0.9347 -0.1914
vn -0.0149 0.7009 -0.7131
vn -0.0193 0.9242 -0.3813
vn -0.2112 0.6564 -0.7242
vn -0.0081 0.3700 -0.9290
vn -0.1087 0.3359 -0.9356
vn -0.0043 0.1920 -0.9814
vn -0.5769 0.7941 -0.1913
vn -0.5410 0.7447 -0.3909
vn -0.2078 0.2860 -0.9354
vn -0.4050 0.5574 -0.7248
vn -0.1120 0.1541 -0.9817
vn -0.7447 0.5410 -0.3908
vn -0.7941 0.5769 -0.1914
vn -0.5574 0.4050 -0.7248
vn -0.2859 0.2077 -0.9355
vn -0.9333 0.3019 -0.1944
vn -0.6564 0.2112 -0.7242
vn -0.8752 0.2816 -0.3933
vn -0.1824 0.0589 -0.9815
vn -0.3384 0.1091 -0.9347
vn -0.9241 0.0169 -0.3819
vn -0.9816 0.0176 -0.1900
vn -0.7011 0.0132 -0.7130
vn -0.3729 0.0072 -0.9278
vn -0.1948 0.0039 -0.9808
vn -0.2817 0.9595 -0.0000
vn -0.5367 0.8351 -0.1210
vn -0.5406 0.8413 0.0000
vn -0.0588 0.2004 -0.9780
vn -0.1129 0.1756 -0.9780
vn -0.1899 0.0868 -0.9780
vn -0.1578 0.1367 -0.9780
vn -0.2067 0.0297 -0.9780
vn -0.2067 -0.0297 -0.9780
vn -0.1899 -0.0867 -0.9780
vn -0.1578 -0.1367 -0.9780
vn -0.1129 -0.1757 -0.9780
vn -0.0588 -0.2003 -0.9780
vn 0.0588 -0.2004 -0.9780
vn -0.0000 -0.2088 -0.9780
vn 0.1129 -0.1757 -0.9780
vn 0.1578 -0.1368 -0.9780
vn 0.2067 -0.0297 -0.9780
vn 0.1899 -0.0867 -0.9780
vn 0.2067 0.0297 -0.9780
vn 0.1899 0.0867 -0.9780
vn 0.1129 0.1756 -0.9780
vn 0.1578 0.1367 -0.9780
vn 0.2769 0.9429 -0.1853
vn 0.0000 0.9827 -0.1853
vn 0.0588 0.2004 -0.9780
vn 0.0000 0.2088 -0.9780
vn -0.2797 0.9524 -0.1209
vn 0.2817 0.9595 -0.0000
vn -0.0000 0.9927 -0.1209
vn -0.7558 0.6549 0.0000
vn -0.9030 0.4124 -0.1209
vn -0.9096 0.4154 0.0000
vn -0.9826 0.1413 -0.1209
vn -0.9898 0.1423 0.0000
vn -0.9898 -0.1423 0.0000
vn -0.9826 -0.1413 -0.1210
vn -0.9096 -0.4154 0.0000
vn -0.9030 -0.4124 -0.1209
vn -0.7557 -0.6549 0.0000
vn -0.7502 -0.6501 -0.1209
vn -0.5406 -0.8413 0.0000
vn -0.5367 -0.8351 -0.1209
vn -0.2817 -0.9595 0.0000
vn -0.2797 -0.9525 -0.1210
vn 0.0000 -0.9927 -0.1209
vn 0.2817 -0.9595 0.0000
vn 0.2797 -0.9524 -0.1210
vn 0.5406 -0.8413 -0.0000
vn 0.5367 -0.8351 -0.1209
vn 0.7557 -0.6549 0.0000
vn 0.7502 -0.6500 -0.1209
vn 0.9096 -0.4154 0.0000
vn 0.9030 -0.4124 -0.1210
vn 0.9898 -0.1423 0.0000
vn 0.9826 -0.1413 -0.1209
vn 0.9898 0.1423 0.0000
vn 0.9030 0.4124 -0.1209
vn 0.9096 0.4154 0.0000
vn 0.7502 0.6501 -0.1210
vn 0.7558 0.6549 0.0000
vn 0.5367 0.8351 -0.1210
vn 0.5406 0.8413 0.0000
vn 0.2797 0.9525 -0.1209
vn -0.7502 0.6501 -0.1210
vn -0.9874 0.1420 0.0694
vn -0.9094 0.4153 -0.0201
vn -0.9896 0.1423 -0.0201
vn 0.7427 -0.6435 -0.1853
vn 0.8939 -0.4082 -0.1853
vn -0.8939 -0.4082 -0.1853
vn -0.7427 -0.6435 -0.1853
vn -0.2769 0.9429 -0.1853
vn 0.9727 -0.1399 -0.1853
vn -0.5313 -0.8267 -0.1853
vn -0.5313 0.8267 -0.1853
vn 0.9727 0.1398 -0.1853
vn 0.9727 0.1399 -0.1853
vn -0.2769 -0.9429 -0.1853
vn -0.7427 0.6435 -0.1853
vn 0.8939 0.4082 -0.1853
vn -0.0000 -0.9827 -0.1853
vn -0.8939 0.4082 -0.1853
vn 0.7427 0.6435 -0.1853
vn 0.2769 -0.9429 -0.1853
vn -0.9727 0.1399 -0.1853
vn -0.9727 0.1398 -0.1853
vn 0.5313 0.8267 -0.1853
vn 0.5313 -0.8267 -0.1853
vn -0.9727 -0.1399 -0.1853
vn -0.2811 0.9572 0.0694
vn -0.5405 0.8411 -0.0201
vn -0.5393 0.8392 0.0694
vn 0.7539 0.6533 0.0694
vn 0.5405 0.8411 -0.0201
vn 0.5393 0.8392 0.0694
vn 0.5393 -0.8392 0.0694
vn 0.2817 -0.9593 -0.0200
vn 0.5405 -0.8411 -0.0201
vn -0.9896 -0.1423 -0.0200
vn -0.9874 -0.1420 0.0694
vn 0.2817 0.9593 -0.0200
vn 0.2811 0.9572 0.0694
vn 0.7539 -0.6533 0.0694
vn 0.7556 -0.6547 -0.0201
vn -0.9094 -0.4153 -0.0200
vn -0.9074 -0.4144 0.0694
vn 0.9095 -0.4153 -0.0200
vn 0.9074 -0.4144 0.0694
vn -0.7556 -0.6547 -0.0201
vn -0.7539 -0.6533 0.0694
vn -0.7539 0.6533 0.0694
vn -0.7556 0.6547 -0.0201
vn 0.9896 -0.1423 -0.0201
vn 0.9874 -0.1420 0.0694
vn -0.5405 -0.8411 -0.0201
vn -0.5393 -0.8392 0.0694
vn -0.0016 0.0013 -1.0000
vn 0.0006 0.0020 -1.0000
vn 0.0020 0.0002 -1.0000
vn 0.9896 0.1423 -0.0201
vn 0.9874 0.1420 0.0694
vn -0.2811 -0.9572 0.0694
vn -0.2817 -0.9593 -0.0200
vn -0.0000 0.9998 -0.0200
vn -0.0000 0.9976 0.0694
vn 0.9074 0.4144 0.0694
vn 0.9094 0.4153 -0.0201
vn -0.0000 -0.9976 0.0694
vn -0.0000 -0.9998 -0.0200
vn -0.9074 0.4144 0.0694
vn 0.7556 0.6547 -0.0201
vn 0.2811 -0.9572 0.0694
vn -0.2817 0.9593 -0.0201
vn -0.0000 0.0021 -1.0000
vn -0.0008 0.0019 -1.0000
vn -0.0011 0.0017 -1.0000
vn -0.0019 0.0008 -1.0000
vn -0.0020 0.0003 -1.0000
vn -0.0020 -0.0001 -1.0000
vn -0.0018 -0.0009 -1.0000
vn -0.0017 -0.0011 -1.0000
vn -0.0010 -0.0018 -1.0000
vn -0.0006 -0.0020 -1.0000
vn 0.0000 -0.0021 -1.0000
vn 0.0006 -0.0020 -1.0000
vn 0.0011 -0.0017 -1.0000
vn 0.0017 -0.0012 -1.0000
vn 0.0019 -0.0008 -1.0000
vn 0.0020 -0.0001 -1.0000
vn 0.0018 0.0009 -1.0000
vn 0.0015 0.0014 -1.0000
vn 0.0011 0.0017 -1.0000
vn 0.9826 0.1413 -0.1209
vn -0.5367 0.8351 -0.1209
vn -0.0588 0.2003 -0.9780
vn -0.1578 0.1368 -0.9780
vn -0.1129 0.1757 -0.9780
vn -0.1899 0.0867 -0.9780
vn 0.0588 -0.2003 -0.9780
vn 0.1899 -0.0868 -0.9780
vn 0.0588 0.2003 -0.9780
vn 0.1129 0.1757 -0.9780
vn -0.2797 0.9524 -0.1210
vn -0.7502 0.6500 -0.1209
vn -0.7557 0.6549 0.0000
vn -0.9030 0.4124 -0.1210
vn -0.9030 -0.4124 -0.1210
vn 0.7502 -0.6501 -0.1209
vn 0.9030 0.4124 -0.1210
vn 0.7502 0.6501 -0.1209
vn 0.7557 0.6549 0.0000
vn 0.5367 0.8351 -0.1209
vn 0.9727 -0.1398 -0.1853
vn -0.9727 -0.1398 -0.1853
vn 0.5405 0.8411 -0.0200
vn -0.9896 -0.1423 -0.0201
vn 0.2817 0.9593 -0.0201
vn -0.9094 -0.4153 -0.0201
vn 0.9094 -0.4153 -0.0200
vn -0.7556 0.6547 -0.0200
vn -0.0011 -0.0017 -1.0000
vn -0.0015 0.0013 -1.0000
vn -0.2817 -0.9593 -0.0201
vn -0.0000 0.9998 -0.0201
vn 0.2817 -0.9593 -0.0201
vn -0.0006 0.0019 -1.0000
vn -0.0020 -0.0002 -1.0000
vn -0.0015 -0.0013 -1.0000
vn -0.0008 -0.0019 -1.0000
vn -0.0002 -0.0020 -1.0000
vn 0.0006 -0.0019 -1.0000
vn 0.0016 -0.0013 -1.0000
vn 0.0020 -0.0003 -1.0000
vn 0.0020 0.0003 -1.0000
vn 0.0018 0.0010 -1.0000
vn 0.0007 0.0019 -1.0000
vn -0.0000 0.0020 -1.0000
vn -0.9826 -0.1413 -0.1209
vn 0.2797 -0.9524 -0.1209
vn -0.0588 -0.2004 -0.9780
vn -0.2797 0.9525 -0.1209
vn -0.5367 -0.8351 -0.1210
vn 0.2797 -0.9525 -0.1209
vn -0.2817 0.9593 -0.0200
vn 0.7556 -0.6547 -0.0200
vn 0.9094 -0.4153 -0.0201
vn -0.7556 -0.6547 -0.0200
vn -0.5405 -0.8411 -0.0200
vn 0.0019 -0.0009 -1.0000
vn 0.9896 0.1423 -0.0200
vn -0.0000 -0.9998 -0.0201
vn -0.0006 0.0020 -1.0000
vn -0.0020 0.0002 -1.0000
vn -0.0020 -0.0003 -1.0000
vn -0.0014 -0.0015 -1.0000
vn -0.0005 -0.0020 -1.0000
vn 0.0000 -0.0020 -1.0000
vn 0.0007 -0.0018 -1.0000
vn 0.0017 -0.0013 -1.0000
vn 0.0021 -0.0002 -1.0000
vn 0.0014 0.0015 -1.0000
vn 0.0013 0.0016 -1.0000
vn 0.0003 0.0021 -1.0000
vn 0.7502 0.6500 -0.1209
vn 0.9176 0.3801 -0.1161
vn 0.7023 0.7023 -0.1161
vn -0.3801 0.9176 -0.1161
vn -0.7023 0.7023 -0.1161
vn -0.3801 -0.9176 -0.1160
vn -0.3827 -0.9239 0.0000
vn 0.3801 0.9176 -0.1161
vn 0.3827 0.9239 0.0000
vn -0.0000 -0.9932 -0.1160
vn 0.3801 -0.9176 -0.1160
vn 0.3827 -0.9239 0.0000
vn 0.0026 -0.0011 -1.0000
vn 0.0011 -0.0026 -1.0000
vn -0.0026 -0.0011 -1.0000
vn -0.9239 0.3827 0.0000
vn -0.9176 0.3801 -0.1161
vn 0.7023 -0.7023 -0.1161
vn 0.0000 0.9932 -0.1161
vn 0.9176 -0.3801 -0.1161
vn 0.9239 -0.3827 -0.0000
vn -0.9932 -0.0000 -0.1161
vn 0.9932 -0.0000 -0.1161
vn -0.9176 -0.3801 -0.1161
vn -0.9239 -0.3827 0.0000
vn 0.9239 0.3827 -0.0000
vn -0.7023 -0.7023 -0.1160
vn -0.0000 0.0028 -1.0000
vn -0.0009 0.0026 -1.0000
vn -0.0020 0.0019 -1.0000
vn -0.0026 0.0009 -1.0000
vn -0.0028 -0.0000 -1.0000
vn -0.0020 -0.0020 -1.0000
vn -0.0010 -0.0026 -1.0000
vn 0.0000 -0.0028 -1.0000
vn 0.0020 -0.0019 -1.0000
vn 0.0028 0.0002 -1.0000
vn 0.0026 0.0011 -1.0000
vn 0.0019 0.0020 -1.0000
vn 0.0008 0.0027 -1.0000
vn -0.3827 0.9239 0.0000
vn 0.0001 0.0124 0.9999
vn -0.0001 -0.0123 0.9999
vn 0.0000 -0.0123 0.9999
vn -0.0000 0.0124 -0.9999
vn -0.0000 -0.0123 -0.9999
vn 0.0000 -0.8507 -0.5257
vn -0.0000 -0.5000 -0.8660
vn -0.0000 0.8507 -0.5257
vn -0.0000 0.5000 -0.8660
vn 0.0000 -0.8660 0.5000
vn 0.0000 -0.5000 0.8660
vn 0.0000 0.8660 0.5000
vn 0.0000 0.5000 0.8660
vn 0.5556 -0.8315 0.0000
vn -0.4581 0.8889 0.0000
vn 0.8315 -0.5556 0.0000
vn -0.7558 0.6548 0.0000
vn 0.9808 -0.1951 0.0000
vn 0.1951 0.9808 0.0000
vn -0.9808 -0.1951 0.0000
vn 0.5556 0.8315 0.0000
vn -0.8315 -0.5556 0.0000
vn 0.9243 0.3816 0.0000
vn -0.5556 -0.8315 0.0000
vn 0.8315 0.5556 0.0000
vn -0.1951 -0.9808 0.0000
vn -0.9175 0.3977 0.0000
vn -0.8315 0.5556 0.0000
vn 0.9683 0.2498 0.0000
vn 0.9683 0.2497 0.0000
vn -0.1951 0.9808 0.0000
vn 0.7558 0.6548 0.0000
vn -0.5556 0.8315 0.0000
vn 0.4581 0.8889 0.0000
vn 0.1516 0.9884 0.0000
vn -0.9684 0.2494 0.0000
vn -0.0060 1.0000 0.0000
vn 0.1951 -0.9808 0.0000
vn -0.1516 0.9884 0.0000
vn 0.0116 0.9999 0.0000
vn 0.0699 0.0257 -0.9972
vn 0.0699 -0.0252 -0.9972
vn 0.0699 0.0252 -0.9972
vn -0.0699 0.0256 0.9972
vn -0.0700 -0.0252 0.9972
vn -0.0700 0.0252 0.9972
vn -0.9994 -0.0000 -0.0354
vn -0.0486 0.7197 0.6926
vn -0.0006 1.0000 0.0081
vn 0.0006 1.0000 -0.0083
vn -0.0492 0.7112 0.7013
vn -0.0006 -1.0000 0.0081
vn -0.0486 -0.7196 0.6927
vn 0.0006 -1.0000 -0.0083
vn -0.0492 -0.7112 0.7013
vn -0.0700 -0.0256 0.9972
vn 0.0492 0.7111 -0.7014
vn 0.0498 0.7027 -0.7097
vn 0.0492 -0.7111 -0.7014
vn 0.0498 -0.7027 -0.7097
vn 0.0699 -0.0256 -0.9972
vn 0.2227 0.0908 0.9706
vn 0.1093 0.0000 0.9940
vn 0.2237 -0.0000 0.9747
vn 0.2227 -0.0904 0.9707
vn 0.1087 -0.0901 0.9900
vn 0.2198 -0.1849 0.9579
vn 0.1072 -0.1848 0.9769
vn 0.2142 -0.2880 0.9334
vn 0.1039 -0.2893 0.9516
vn 0.2083 -0.3642 0.9077
vn 0.0932 -0.3527 0.9311
vn 0.2083 0.3642 0.9077
vn 0.1039 0.2893 0.9516
vn 0.2142 0.2880 0.9334
vn 0.1071 0.1848 0.9769
vn 0.2198 0.1848 0.9579
vn 0.1088 0.0901 0.9900
vn -0.1039 -0.2893 0.9516
vn -0.0932 -0.3527 0.9311
vn 0.0934 0.3528 0.9310
vn -0.1039 0.2893 0.9516
vn -0.1071 0.1848 0.9769
vn -0.1087 0.0901 0.9900
vn -0.1093 -0.0000 0.9940
vn -0.1087 -0.0901 0.9900
vn -0.1071 -0.1848 0.9769
vn -0.3568 0.1055 0.9282
vn -0.3590 -0.0000 0.9333
vn -0.3568 -0.1055 0.9282
vn -0.3495 -0.2152 0.9119
vn -0.3360 -0.3334 0.8809
vn -0.3019 -0.3977 0.8664
vn -0.3019 0.3977 0.8664
vn -0.3360 0.3334 0.8809
vn -0.3496 0.2152 0.9119
vn -0.4592 -0.4456 0.7685
vn -0.4592 0.4456 0.7685
vn -0.4796 0.3546 0.8026
vn -0.4991 0.2307 0.8353
vn -0.5096 0.1140 0.8528
vn -0.5129 -0.0000 0.8584
vn -0.5096 -0.1137 0.8529
vn -0.4991 -0.2306 0.8353
vn -0.4796 -0.3546 0.8027
vn 0.0000 0.0197 0.9998
vn -0.0000 -0.0197 0.9998
vn -0.0000 0.0197 -0.9998
vn -0.0000 -0.0197 -0.9998
vn 0.0000 -1.0000 -0.0002
vn -0.0000 -0.8628 -0.5056
vn -0.0000 -0.8628 -0.5055
vn 0.0000 0.8628 -0.5056
vn -0.0000 0.8628 -0.5055
vn -0.0000 0.8629 -0.5054
vn -0.1546 0.0000 -0.9880
vn -0.1546 0.0000 0.9880
vn -0.1546 -0.0001 0.9880
vn 0.1546 0.0000 0.9880
vn 0.1546 0.0000 -0.9880
vn 0.1546 -0.0006 -0.9880
vn 0.1546 0.0003 0.9880
vn 0.8131 -0.5821 -0.0000
vn 0.3642 -0.9313 -0.0000
vn 0.9158 -0.4017 0.0000
vn -0.0000 -0.3725 0.9280
vn 0.0000 -0.8394 0.5434
vn 0.0000 -0.8395 0.5434
vn 0.0000 -0.2563 0.9666
vn -0.8131 -0.5821 0.0000
vn -0.3642 -0.9313 0.0000
vn -0.9158 -0.4017 0.0000
vn -0.0000 -0.8394 -0.5435
vn -0.0000 -0.3725 -0.9280
vn -0.0000 -0.8395 -0.5434
vn -0.0000 -0.2563 -0.9666
vn -0.9995 -0.0000 0.0328
vn -0.0004 -0.1530 0.9882
vn 0.0002 0.0003 -1.0000
vn 0.0003 0.0005 -1.0000
vn 0.0004 0.0005 -1.0000
vn 0.0005 0.0007 -1.0000
vn 0.0006 0.0006 -1.0000
vn 0.0004 0.0006 -1.0000
vn 0.0001 0.0003 -1.0000
vn 0.0002 0.0013 -1.0000
vn 0.0588 -0.1810 -0.9817
vn 0.1833 -0.0596 -0.9812
vn 0.1116 0.1529 -0.9819
vn 0.1796 0.0588 -0.9820
vn -0.0581 -0.1801 -0.9819
vn -0.1810 -0.0588 -0.9817
vn -0.0588 0.1798 -0.9819
vn -0.1539 0.1118 -0.9817
vn 0.0000 0.0123 0.9999
vn -0.0000 0.0123 -0.9999
vn -0.0933 0.3527 0.9311
vn 0.9157 -0.4017 0.0000
usemtl phone_material
s 1
f 503/1/1 2/2/2 1/3/1
f 502/4/2 3/5/3 2/2/2
f 500/6/3 4/7/4 3/5/3
f 497/8/4 5/9/5 4/7/4
f 496/10/5 6/11/6 5/9/5
f 493/12/6 7/13/7 6/11/6
f 492/14/7 8/15/8 7/13/7
f 491/16/8 9/17/9 8/15/8
f 490/18/9 10/19/10 9/17/9
f 494/20/10 11/21/11 10/19/10
f 495/22/11 12/23/12 11/21/11
f 499/24/12 13/25/13 12/23/12
f 498/26/13 14/27/14 13/25/13
f 501/28/14 1/3/1 14/27/14
f 7/29/15 11/30/15 1/31/15
f 488/32/1 16/33/2 15/34/1
f 489/35/2 17/36/3 16/33/2
f 483/37/3 18/38/4 17/36/3
f 484/39/4 19/40/5 18/38/4
f 482/41/5 20/42/6 19/40/5
f 479/43/6 21/44/7 20/42/6
f 477/45/7 22/46/8 21/44/7
f 475/47/8 23/48/9 22/46/8
f 478/49/9 24/50/10 23/48/9
f 481/51/10 25/52/11 24/50/10
f 480/53/11 26/54/12 25/52/11
f 485/55/12 27/56/13 26/54/12
f 486/57/13 28/58/14 27/56/13
f 487/59/14 15/34/1 28/58/14
f 21/60/15 25/61/15 15/62/15
f 476/63/1 30/64/2 29/65/1
f 474/66/2 31/67/3 30/64/2
f 471/68/3 32/69/4 31/67/3
f 468/70/4 33/71/5 32/69/4
f 465/72/5 34/73/6 33/71/5
f 467/74/6 35/75/7 34/73/6
f 463/76/7 36/77/8 35/75/7
f 462/78/8 37/79/9 36/77/8
f 464/80/9 38/81/10 37/79/9
f 466/82/10 39/83/11 38/81/10
f 469/84/11 40/85/12 39/83/11
f 470/86/12 41/87/13 40/85/12
f 472/88/13 42/89/14 41/87/13
f 473/90/14 29/65/1 42/89/14
f 35/91/15 39/92/15 29/93/15
f 461/94/1 44/95/2 43/96/1
f 459/97/2 45/98/3 44/95/2
f 458/99/3 46/100/4 45/98/3
f 453/101/4 47/102/5 46/100/4
f 454/103/5 48/104/6 47/102/5
f 452/105/6 49/106/7 48/104/6
f 449/107/7 50/108/8 49/106/7
f 447/109/8 51/110/9 50/108/8
f 451/111/9 52/112/10 51/110/9
f 450/113/10 53/114/11 52/112/10
f 455/115/11 54/116/12 53/114/11
f 456/117/12 55/118/13 54/116/12
f 457/119/13 56/120/14 55/118/13
f 460/121/14 43/96/1 56/120/14
f 49/122/15 53/123/15 43/124/15
f 448/125/1 58/126/2 57/127/1
f 444/128/2 59/129/3 58/126/2
f 443/130/3 60/131/4 59/129/3
f 442/132/4 61/133/5 60/131/4
f 440/134/5 62/135/6 61/133/5
f 437/136/6 63/137/7 62/135/6
f 436/138/7 64/139/8 63/137/7
f 434/140/8 65/141/9 64/139/8
f 435/142/9 66/143/10 65/141/9
f 438/144/10 67/145/11 66/143/10
f 439/146/11 68/147/12 67/145/11
f 441/148/12 69/149/13 68/147/12
f 445/150/13 70/151/14 69/149/13
f 446/152/14 57/127/1 70/151/14
f 63/153/15 67/154/15 57/155/15
f 431/156/1 72/157/2 71/158/1
f 433/159/2 73/160/3 72/157/2
f 427/161/3 74/162/4 73/160/3
f 428/163/4 75/164/5 74/162/4
f 425/165/5 76/166/6 75/164/5
f 423/167/6 77/168/7 76/166/6
f 424/169/7 78/170/8 77/168/7
f 421/171/8 79/172/9 78/170/8
f 420/173/9 80/174/10 79/172/9
f 422/175/10 81/176/11 80/174/10
f 426/177/11 82/178/12 81/176/11
f 429/179/12 83/180/13 82/178/12
f 430/181/13 84/182/14 83/180/13
f 432/183/14 71/158/1 84/182/14
f 77/184/15 81/185/15 71/186/15
f 544/187/1 86/188/2 85/189/1
f 543/190/2 87/191/3 86/188/2
f 540/192/3 88/193/4 87/191/3
f 539/194/4 89/195/5 88/193/4
f 537/196/5 90/197/6 89/195/5
f 536/198/6 91/199/7 90/197/6
f 534/200/7 92/201/8 91/199/7
f 532/202/8 93/203/9 92/201/8
f 533/204/9 94/205/10 93/203/9
f 535/206/10 95/207/11 94/205/10
f 538/208/11 96/209/12 95/207/11
f 541/210/12 97/211/13 96/209/12
f 97/211/13 545/212/14 98/213/14
f 98/213/14 544/187/1 85/189/1
f 95/214/15 85/215/15 89/216/15
f 99/217/1 530/218/2 100/219/2
f 530/218/2 101/220/3 100/219/2
f 528/221/3 102/222/4 101/220/3
f 525/223/4 103/224/5 102/222/4
f 522/225/5 104/226/6 103/224/5
f 523/227/6 105/228/7 104/226/6
f 518/229/7 106/230/8 105/228/7
f 519/231/8 107/232/9 106/230/8
f 520/233/9 108/234/10 107/232/9
f 521/235/10 109/236/11 108/234/10
f 524/237/11 110/238/12 109/236/11
f 526/239/12 111/240/13 110/238/12
f 527/241/13 112/242/14 111/240/13
f 112/242/14 531/243/1 99/217/1
f 105/244/15 109/245/15 99/246/15
f 517/247/1 114/248/2 113/249/1
f 515/250/2 115/251/3 114/248/2
f 514/252/3 116/253/4 115/251/3
f 512/254/4 117/255/5 116/253/4
f 511/256/5 118/257/6 117/255/5
f 508/258/6 119/259/7 118/257/6
f 506/260/7 120/261/8 119/259/7
f 504/262/8 121/263/9 120/261/8
f 505/264/9 122/265/10 121/263/9
f 507/266/10 123/267/11 122/265/10
f 509/268/11 124/269/12 123/267/11
f 510/270/12 125/271/13 124/269/12
f 513/272/13 126/273/14 125/271/13
f 516/274/14 113/249/1 126/273/14
f 123/275/15 113/276/15 117/277/15
f 128/278/3 414/279/16 127/280/17
f 129/281/2 416/282/3 128/278/3
f 419/283/1 129/281/2 130/284/1
f 411/285/18 132/286/6 131/287/18
f 410/288/6 133/289/7 132/286/6
f 407/290/7 134/291/8 133/289/7
f 406/292/8 135/293/9 134/291/8
f 408/294/9 136/295/10 135/296/9
f 409/297/10 137/298/19 136/295/10
f 418/299/14 130/284/1 138/300/14
f 415/301/13 138/300/14 139/302/13
f 413/303/20 139/302/13 140/304/21
f 127/280/17 411/285/18 131/287/18
f 131/305/15 134/306/15 136/307/15
f 143/308/22 170/309/23 176/310/24
f 250/311/25 183/312/26 193/313/27
f 240/314/28 266/315/29 236/316/30
f 544/317/15 545/318/15 202/319/31
f 1447/320/32 388/321/8 390/322/8
f 1453/323/8 395/324/8 404/325/8
f 261/326/33 228/327/34 226/328/35
f 253/329/36 219/330/37 205/331/38
f 260/332/39 166/333/40 223/334/41
f 242/335/42 268/336/43 240/314/28
f 208/337/44 252/338/45 202/319/31
f 251/339/46 193/313/27 198/340/47
f 272/341/48 246/342/49 248/343/50
f 271/344/51 244/345/52 246/342/49
f 144/346/53 158/347/54 170/309/23
f 270/348/55 242/335/42 244/345/52
f 146/349/56 198/340/47 166/333/40
f 238/350/57 272/341/48 248/343/50
f 348/351/58 215/352/59 213/353/58
f 222/354/60 261/326/33 226/328/35
f 211/355/61 254/356/62 208/337/44
f 234/357/63 260/332/39 223/334/41
f 266/358/29 222/359/60 236/360/30
f 262/361/64 230/362/65 228/327/34
f 219/330/37 257/363/66 217/364/67
f 230/362/65 264/365/68 232/366/69
f 257/363/66 214/367/70 217/364/67
f 232/366/69 265/368/71 234/357/63
f 214/367/70 255/369/72 211/355/61
f 250/311/25 273/370/73 249/371/74
f 251/339/46 274/372/75 250/311/25
f 146/349/56 275/373/76 251/339/46
f 277/374/77 146/349/56 260/332/39
f 278/375/78 166/333/40 279/376/79
f 166/333/40 280/377/80 279/376/79
f 198/340/47 281/378/81 280/377/80
f 193/313/27 282/379/82 281/378/81
f 282/379/82 176/310/24 283/380/83
f 283/380/83 170/309/23 284/381/84
f 284/381/84 158/347/54 285/382/85
f 285/383/85 1452/384/86 1456/385/87
f 205/331/38 287/386/88 286/387/89
f 219/330/37 288/388/90 287/386/88
f 217/364/67 289/389/91 288/388/90
f 289/389/91 211/355/61 290/390/92
f 290/390/92 208/337/44 291/391/93
f 291/391/93 202/319/31 292/392/94
f 202/319/31 293/393/95 292/392/94
f 238/350/57 294/394/96 293/393/95
f 248/343/50 295/395/97 294/394/96
f 295/395/97 244/345/52 296/396/98
f 296/396/98 242/335/42 297/397/99
f 297/397/99 240/314/28 298/398/100
f 298/398/100 236/316/30 299/399/101
f 236/360/30 300/400/102 299/401/101
f 222/354/60 301/402/103 300/403/102
f 226/328/35 302/404/104 301/402/103
f 302/404/104 230/362/65 303/405/105
f 230/362/65 304/406/106 303/405/105
f 304/406/106 234/357/63 305/407/107
f 305/407/107 223/334/41 278/375/78
f 273/370/73 143/308/22 249/371/74
f 306/408/108 144/346/53 143/308/22
f 307/409/109 150/410/110 144/346/53
f 308/411/111 1455/412/112 150/413/110
f 253/329/36 310/414/113 258/415/114
f 258/415/114 311/416/115 257/363/66
f 257/363/66 312/417/116 256/418/117
f 256/418/117 313/419/118 255/369/72
f 313/419/118 254/356/62 255/369/72
f 314/420/119 252/338/45 254/356/62
f 252/338/45 316/421/120 267/422/121
f 267/422/121 317/423/77 272/341/48
f 272/341/48 318/424/122 271/344/51
f 318/424/122 270/348/55 271/344/51
f 319/425/122 269/426/123 270/348/55
f 320/427/124 268/336/43 269/426/123
f 321/428/108 266/315/29 268/336/43
f 322/429/113 259/430/125 266/358/29
f 259/431/125 324/432/126 261/326/33
f 261/326/33 325/433/127 262/361/64
f 325/433/127 263/434/128 262/361/64
f 326/435/126 264/365/68 263/434/128
f 327/436/129 265/368/71 264/365/68
f 328/437/130 260/332/39 265/368/71
f 249/371/74 176/310/24 183/312/26
f 278/375/78 164/438/131 224/439/131
f 279/376/79 197/440/131 164/438/131
f 280/377/80 189/441/131 197/440/131
f 281/378/81 181/442/131 189/441/131
f 181/442/131 283/380/83 173/443/131
f 173/443/131 284/381/84 169/444/131
f 169/444/131 285/382/85 156/445/131
f 1450/446/132 286/447/89 204/448/131
f 286/387/89 218/449/131 204/450/131
f 218/449/131 288/388/90 215/451/131
f 215/451/131 289/389/91 213/452/131
f 289/389/91 209/453/131 213/452/131
f 290/390/92 206/454/131 209/453/131
f 206/454/131 292/392/94 201/455/131
f 292/392/94 237/456/131 201/455/131
f 293/393/95 247/457/131 237/456/131
f 294/394/96 245/458/131 247/457/131
f 295/395/97 243/459/131 245/458/131
f 296/396/98 241/460/131 243/459/131
f 241/460/131 298/398/100 239/461/131
f 239/461/131 299/399/101 235/462/131
f 299/401/101 221/463/131 235/464/131
f 300/403/102 225/465/131 221/466/131
f 301/402/103 227/467/131 225/465/131
f 302/404/104 229/468/131 227/467/131
f 229/468/131 304/406/106 231/469/131
f 231/469/131 305/407/107 233/470/131
f 233/470/131 278/375/78 224/439/131
f 306/471/108 275/472/76 308/473/111
f 229/474/133 341/475/134 227/476/134
f 334/477/135 213/353/58 209/478/135
f 231/479/136 354/480/133 229/474/133
f 349/481/137 209/478/135 206/482/137
f 233/483/138 355/484/136 231/479/136
f 335/485/139 206/482/137 201/486/139
f 329/487/140 224/488/141 164/489/140
f 224/488/141 356/490/138 233/483/138
f 350/491/142 201/486/139 237/492/142
f 197/493/143 329/487/140 164/489/140
f 336/494/144 237/492/142 247/495/144
f 189/496/145 330/497/143 197/493/143
f 337/498/146 247/495/144 245/499/146
f 181/500/147 343/501/145 189/496/145
f 351/502/148 245/499/146 243/503/148
f 173/504/149 331/505/147 181/500/147
f 338/506/150 243/503/148 241/507/150
f 169/508/151 344/509/149 173/504/149
f 339/510/152 241/507/150 239/511/152
f 345/512/153 169/508/151 156/513/153
f 340/514/154 239/511/152 235/515/154
f 346/516/155 156/513/153 204/517/155
f 352/518/156 235/519/154 221/520/156
f 333/521/157 204/522/155 218/523/157
f 353/524/158 221/525/156 225/526/158
f 347/527/59 218/523/157 215/352/59
f 227/476/134 353/524/158 225/526/158
f 358/528/131 360/529/131 374/530/131
f 346/531/131 340/532/131 387/533/131
f 368/534/159 178/535/160 357/536/161
f 357/536/161 220/537/162 358/538/162
f 148/539/163 360/540/164 216/541/164
f 151/542/165 359/543/163 148/539/163
f 151/542/165 371/544/166 370/545/165
f 162/546/166 369/547/167 371/544/166
f 167/548/167 372/549/168 369/547/167
f 188/550/169 364/551/170 367/552/169
f 195/553/170 365/554/171 364/551/170
f 200/555/171 362/556/172 365/554/171
f 207/557/173 362/556/172 203/558/172
f 210/559/174 361/560/173 207/557/173
f 358/538/162 216/541/164 360/540/164
f 366/561/174 212/562/175 363/563/175
f 363/563/175 142/564/159 368/534/159
f 172/565/168 367/552/169 372/549/168
f 200/566/131 188/567/131 212/568/131
f 145/569/176 378/570/15 141/571/15
f 145/569/176 375/572/177 377/573/176
f 147/574/178 380/575/179 375/572/177
f 160/576/165 380/575/179 154/577/180
f 160/576/165 386/578/166 385/579/165
f 165/580/166 384/581/167 386/578/166
f 171/582/181 384/581/167 168/583/167
f 171/582/181 382/584/170 387/585/181
f 382/584/170 179/586/171 383/587/171
f 185/588/172 383/587/171 179/586/171
f 191/589/173 381/590/172 185/588/172
f 196/591/174 373/592/182 191/589/173
f 196/591/174 376/593/175 374/594/174
f 141/571/15 376/593/175 199/595/175
f 141/596/131 185/597/131 168/598/131
f 175/599/183 399/600/184 187/601/184
f 157/602/185 388/603/186 149/604/187
f 194/605/8 192/606/8 161/607/8
f 177/608/181 393/609/188 405/610/181
f 152/611/188 394/612/189 393/609/188
f 153/613/189 389/614/190 394/612/189
f 155/615/190 388/603/186 389/614/190
f 395/616/191 186/617/15 404/618/15
f 392/619/192 163/620/191 395/621/191
f 391/622/193 161/623/192 392/619/192
f 390/624/185 159/625/193 391/622/193
f 396/626/194 177/608/181 405/610/181
f 182/627/195 396/626/194 402/628/195
f 180/629/196 402/628/195 401/630/196
f 175/599/183 401/630/196 400/631/197
f 186/617/15 397/632/198 404/618/15
f 192/633/199 397/632/198 190/634/198
f 403/635/199 194/636/200 398/637/200
f 398/637/200 187/601/184 399/600/184
f 410/638/15 497/639/201 500/640/15
f 413/303/20 137/298/19 412/641/202
f 485/642/15 238/350/57 495/643/201
f 470/644/15 238/350/57 480/645/15
f 456/646/15 238/350/57 469/647/15
f 442/648/15 443/649/15 452/650/15
f 429/651/15 238/350/57 439/652/15
f 238/350/57 420/653/15 421/654/15
f 527/655/15 526/656/15 535/657/15
f 524/658/15 521/659/15 510/660/15
f 415/661/15 509/662/203 507/663/15
f 1357/664/204 1352/665/205 615/666/204
f 1345/667/206 1348/668/206 565/669/206
f 557/670/207 575/671/208 558/672/209
f 573/673/210 576/674/211 575/671/208
f 572/675/212 577/676/213 576/674/211
f 571/677/214 574/678/215 577/676/213
f 559/679/216 573/673/210 557/670/207
f 580/680/217 573/673/210 581/681/218
f 579/682/219 572/675/212 580/680/217
f 578/683/220 571/677/214 579/682/219
f 560/684/221 581/681/218 559/679/216
f 584/685/222 581/681/218 585/686/223
f 584/685/222 579/682/219 580/680/217
f 582/687/224 579/682/219 583/688/225
f 587/689/226 585/686/223 560/684/221
f 590/690/227 584/685/222 585/686/223
f 588/691/228 584/685/222 589/692/229
f 588/691/228 582/687/224 583/688/225
f 595/693/230 587/689/226 592/694/231
f 594/695/232 590/690/227 595/693/230
f 593/696/233 589/692/229 594/695/232
f 591/697/234 588/691/228 593/696/233
f 599/698/235 600/699/236 561/700/237
f 598/701/238 601/702/239 599/698/235
f 597/703/240 602/704/241 598/701/238
f 596/705/242 603/706/243 597/703/240
f 600/699/236 604/707/244 562/708/245
f 602/704/241 604/707/244 601/702/239
f 603/706/243 605/709/246 602/704/241
f 556/710/247 606/711/248 603/706/243
f 604/707/244 607/712/249 562/708/245
f 605/709/246 609/713/250 604/707/244
f 606/711/248 610/714/251 605/709/246
f 606/711/248 608/715/252 611/716/253
f 607/712/249 612/717/254 563/718/255
f 610/714/251 612/717/254 609/713/250
f 611/716/253 613/719/256 610/714/251
f 608/715/252 614/720/257 611/716/253
f 612/717/254 615/721/258 563/718/255
f 612/717/254 617/722/259 616/723/260
f 613/719/256 618/724/261 617/722/259
f 614/720/257 553/725/262 618/724/261
f 622/726/263 565/727/264 564/728/265
f 621/729/266 623/730/267 622/726/263
f 620/731/268 624/732/269 621/729/266
f 619/733/270 625/734/271 620/731/268
f 565/727/264 626/735/272 566/736/273
f 623/730/267 627/737/274 626/735/272
f 625/734/271 627/737/274 624/732/269
f 625/734/271 547/738/275 628/739/276
f 626/735/272 629/740/277 566/736/273
f 626/735/272 632/741/278 631/742/279
f 628/739/276 632/741/278 627/737/274
f 628/739/276 630/743/280 633/744/281
f 629/740/277 634/745/282 567/746/283
f 631/742/279 635/747/284 634/745/282
f 633/744/281 635/747/284 632/741/278
f 630/743/280 636/748/285 633/744/281
f 567/746/283 638/749/286 568/750/287
f 634/745/282 639/751/288 638/749/286
f 635/747/284 640/752/289 639/751/288
f 636/748/285 637/753/290 640/752/289
f 643/754/291 644/755/292 569/756/293
f 643/754/291 646/757/294 645/758/295
f 642/759/296 647/760/297 646/757/294
f 641/761/298 549/762/299 647/760/297
f 649/763/300 643/754/291 569/756/293
f 652/764/301 642/759/296 643/754/291
f 650/765/302 642/759/296 651/766/303
f 648/767/304 641/761/298 650/765/302
f 655/768/305 649/763/300 570/769/306
f 655/768/305 651/766/303 652/764/301
f 654/770/307 650/765/302 651/766/303
f 653/771/308 648/767/304 650/765/302
f 657/772/309 655/768/305 570/769/306
f 659/773/310 655/768/305 660/774/311
f 659/773/310 653/771/308 654/770/307
f 656/775/312 653/771/308 658/776/313
f 665/777/314 657/772/309 662/778/315
f 664/779/316 660/774/311 665/777/314
f 663/780/317 659/773/310 664/779/316
f 661/781/318 658/776/313 663/780/317
f 575/671/208 564/728/265 558/672/209
f 575/671/208 621/729/266 622/726/263
f 577/676/213 621/729/266 576/674/211
f 577/676/213 619/733/270 620/731/268
f 638/749/286 662/778/315 568/750/287
f 638/749/286 664/779/316 665/777/314
f 640/752/289 664/779/316 639/751/288
f 640/752/289 661/781/318 663/780/317
f 644/755/292 599/698/235 561/700/237
f 646/757/294 599/698/235 645/758/295
f 646/757/294 597/703/240 598/701/238
f 647/760/297 596/705/242 597/703/240
f 616/723/260 592/694/231 615/721/258
f 617/722/259 595/693/230 616/723/260
f 617/722/259 593/696/233 594/695/232
f 618/724/261 591/697/234 593/696/233
f 668/782/319 781/783/320 670/784/321
f 671/785/77 776/786/322 669/787/77
f 673/788/77 780/789/323 671/785/77
f 673/788/77 784/790/324 782/791/325
f 675/792/77 786/793/326 784/790/324
f 679/794/77 786/793/326 677/795/77
f 681/796/77 788/797/327 679/794/77
f 683/798/77 790/799/328 681/796/77
f 685/800/77 792/801/329 683/798/77
f 687/802/77 794/803/330 685/800/77
f 689/804/77 796/805/331 687/802/77
f 689/804/77 800/806/332 798/807/333
f 691/808/77 802/809/334 800/806/332
f 693/810/77 804/811/335 802/809/334
f 697/812/77 804/811/335 695/813/77
f 697/812/77 808/814/336 806/815/337
f 699/816/77 810/817/338 808/814/336
f 703/818/77 810/817/338 701/819/77
f 705/820/77 812/821/339 703/818/77
f 705/820/77 816/822/340 814/823/341
f 687/802/342 721/824/343 689/804/343
f 707/825/77 818/826/344 816/822/340
f 709/827/77 779/828/345 818/826/344
f 666/829/181 777/830/346 668/782/319
f 708/831/347 778/832/348 666/829/181
f 672/833/349 785/834/350 674/835/351
f 674/835/351 787/836/352 676/837/353
f 787/836/352 678/838/354 676/837/353
f 789/839/355 680/840/356 678/838/354
f 791/841/357 682/842/358 680/840/356
f 793/843/359 684/844/360 682/842/358
f 795/845/361 686/846/362 684/844/360
f 797/847/363 688/848/15 686/846/362
f 799/849/364 690/850/365 688/848/15
f 801/851/366 692/852/367 690/850/365
f 803/853/368 694/854/369 692/852/367
f 805/855/370 696/856/371 694/854/369
f 807/857/372 698/858/373 696/856/371
f 809/859/374 700/860/375 698/858/373
f 700/860/375 813/861/376 702/862/377
f 702/862/377 815/863/378 704/864/379
f 704/864/379 817/865/380 706/866/381
f 706/866/381 819/867/382 708/831/347
f 670/784/321 783/868/383 672/833/349
f 715/869/384 741/870/385 743/871/386
f 673/788/387 714/872/388 675/792/388
f 703/818/389 729/873/390 705/820/390
f 689/804/343 722/874/391 691/808/391
f 675/792/388 715/875/392 677/795/392
f 705/820/390 730/876/393 707/825/393
f 691/808/391 723/877/394 693/810/394
f 679/794/395 715/875/392 716/878/396
f 707/825/393 731/879/397 709/827/397
f 693/810/394 724/880/398 695/813/398
f 681/796/399 716/878/396 717/881/399
f 667/882/400 731/879/397 711/883/400
f 697/812/401 724/880/398 725/884/401
f 681/796/399 718/885/402 683/798/402
f 669/787/403 711/883/400 710/886/403
f 697/812/401 726/887/404 699/816/405
f 685/800/406 718/885/402 719/888/406
f 671/785/407 710/886/403 712/889/407
f 699/816/405 727/890/408 701/819/408
f 687/802/342 719/888/406 720/891/342
f 673/788/387 712/889/407 713/892/387
f 701/819/408 728/893/389 703/818/389
f 710/894/409 737/895/410 712/896/411
f 729/897/412 773/898/413 730/899/414
f 723/900/415 757/901/416 759/902/417
f 715/869/384 745/903/418 716/904/419
f 730/899/414 775/905/420 731/906/421
f 724/907/422 759/902/417 761/908/423
f 716/904/419 747/909/424 717/910/425
f 724/907/422 763/911/426 725/912/427
f 717/910/425 749/913/428 718/914/429
f 713/915/430 737/895/410 739/916/431
f 725/912/427 765/917/432 726/918/433
f 718/914/429 751/919/434 719/920/435
f 738/921/436 774/922/437 766/923/438
f 726/918/433 767/924/439 727/925/440
f 720/926/441 751/919/434 753/927/442
f 731/906/421 734/928/443 711/929/444
f 728/930/445 767/924/439 769/931/446
f 721/932/447 753/927/442 755/933/448
f 714/934/449 739/916/431 741/870/385
f 729/897/412 769/931/446 771/935/450
f 722/936/451 755/933/448 757/901/416
f 733/937/452 735/938/453 732/939/454
f 737/895/410 732/939/454 736/940/455
f 737/895/410 738/921/436 739/916/431
f 739/916/431 740/941/456 741/870/385
f 741/870/385 742/942/457 743/871/386
f 743/871/386 744/943/458 745/903/418
f 747/909/424 744/943/458 746/944/459
f 749/913/428 746/944/459 748/945/460
f 751/919/434 748/945/460 750/946/461
f 751/919/434 752/947/462 753/927/442
f 753/927/442 754/948/463 755/933/448
f 757/901/416 754/948/463 756/949/464
f 757/901/416 758/950/465 759/902/417
f 759/902/417 760/951/466 761/908/423
f 761/908/423 762/952/467 763/911/426
f 765/917/432 762/952/467 764/953/468
f 767/924/439 764/953/468 766/923/438
f 769/931/446 766/923/438 768/954/469
f 771/935/450 768/954/469 770/955/470
f 773/898/413 770/955/470 772/956/471
f 773/898/413 774/922/437 775/905/420
f 775/905/420 735/938/453 734/928/443
f 711/929/444 733/937/452 710/894/409
f 777/830/346 779/828/345 776/786/322
f 781/783/320 776/786/322 780/789/323
f 783/868/383 780/789/323 782/791/325
f 785/834/350 782/791/325 784/790/324
f 785/834/350 786/793/326 787/836/352
f 787/836/352 788/797/327 789/839/355
f 789/839/355 790/799/328 791/841/357
f 791/841/357 792/801/329 793/843/359
f 795/845/361 792/801/329 794/803/330
f 795/845/361 796/805/331 797/847/363
f 797/847/363 798/807/333 799/849/364
f 799/849/364 800/806/332 801/851/366
f 801/851/366 802/809/334 803/853/368
f 803/853/368 804/811/335 805/855/370
f 807/857/372 804/811/335 806/815/337
f 809/859/374 806/815/337 808/814/336
f 809/859/374 810/817/338 811/957/472
f 813/861/376 810/817/338 812/821/339
f 813/861/376 814/823/341 815/863/378
f 815/863/378 816/822/340 817/865/380
f 817/865/380 818/826/344 819/867/382
f 819/867/382 779/828/345 778/832/348
f 669/787/77 779/828/345 667/882/77
f 822/958/319 935/959/473 824/960/321
f 825/961/77 930/962/474 823/963/77
f 825/961/77 936/964/475 934/965/476
f 829/966/77 936/964/475 827/967/77
f 831/968/77 938/969/477 829/966/77
f 831/968/77 942/970/327 940/971/326
f 833/972/77 944/973/328 942/970/327
f 837/974/77 944/973/328 835/975/77
f 839/976/77 946/977/329 837/974/77
f 839/976/77 950/978/331 948/979/330
f 841/980/77 952/981/333 950/978/331
f 845/982/77 952/981/333 843/983/77
f 847/984/77 954/985/478 845/982/77
f 847/984/77 958/986/335 956/987/334
f 849/988/77 960/989/479 958/986/335
f 853/990/77 960/989/479 851/991/77
f 855/992/77 962/993/336 853/990/77
f 855/992/77 966/994/339 964/995/338
f 857/996/77 968/997/341 966/994/339
f 861/998/77 968/997/341 859/999/77
f 841/980/342 875/1000/343 843/983/343
f 861/998/77 972/1001/480 970/1002/481
f 821/1003/77 972/1001/480 863/1004/77
f 820/1005/181 931/1006/482 822/958/319
f 862/1007/347 932/1008/348 820/1005/181
f 937/1009/483 828/1010/351 826/1011/484
f 939/1012/485 830/1013/353 828/1010/351
f 941/1014/352 832/1015/354 830/1013/353
f 832/1015/354 945/1016/486 834/1017/356
f 834/1017/356 947/1018/359 836/1019/358
f 947/1018/359 838/1020/360 836/1019/358
f 949/1021/361 840/1022/362 838/1020/360
f 951/1023/363 842/1024/15 840/1022/362
f 953/1025/364 844/1026/365 842/1024/15
f 844/1026/365 957/1027/368 846/1028/367
f 846/1028/367 959/1029/487 848/1030/369
f 959/1029/487 850/1031/371 848/1030/369
f 961/1032/372 852/1033/373 850/1031/371
f 963/1034/374 854/1035/375 852/1033/373
f 854/1035/375 967/1036/488 856/1037/377
f 856/1037/377 969/1038/489 858/1039/490
f 858/1039/490 971/1040/491 860/1041/381
f 860/1041/381 973/1042/382 862/1007/347
f 935/959/473 826/1011/484 824/960/321
f 869/1043/384 895/1044/385 897/1045/386
f 827/967/387 868/1046/388 829/966/388
f 859/999/390 882/1047/389 883/1048/390
f 843/983/343 876/1049/391 845/982/391
f 829/966/388 869/1050/392 831/968/492
f 859/999/390 884/1051/393 861/998/393
f 845/982/391 877/1052/394 847/984/394
f 831/968/492 870/1053/396 833/972/396
f 863/1004/397 884/1051/393 885/1054/397
f 847/984/394 878/1055/398 849/988/398
f 835/975/399 870/1053/396 871/1056/399
f 821/1003/400 885/1054/397 865/1057/400
f 849/988/398 879/1058/401 851/991/401
f 837/974/402 871/1056/399 872/1059/402
f 821/1003/400 864/1060/403 823/963/403
f 851/991/401 880/1061/404 853/990/405
f 839/976/406 872/1059/402 873/1062/406
f 823/963/403 866/1063/407 825/961/407
f 853/990/405 881/1064/408 855/992/493
f 839/976/406 874/1065/342 841/980/342
f 827/967/387 866/1063/407 867/1066/387
f 857/996/389 881/1064/408 882/1047/389
f 866/1067/411 887/1068/452 891/1069/410
f 883/1070/412 927/1071/494 884/1072/414
f 876/1073/451 913/1074/417 877/1075/415
f 870/1076/419 897/1045/386 899/1077/495
f 884/1072/414 929/1078/496 885/1079/421
f 877/1075/415 915/1080/423 878/1081/422
f 870/1076/419 901/1082/497 871/1083/425
f 879/1084/427 915/1080/423 917/1085/498
f 871/1083/425 903/1086/428 872/1087/429
f 867/1088/430 891/1069/410 893/1089/499
f 880/1090/433 917/1085/498 919/1091/432
f 872/1087/429 905/1092/434 873/1093/435
f 912/1094/465 904/1095/500 892/1096/501
f 881/1097/440 919/1091/432 921/1098/439
f 873/1093/435 907/1099/502 874/1100/441
f 885/1079/421 888/1101/503 865/1102/444
f 881/1097/440 923/1103/446 882/1104/445
f 875/1105/447 907/1099/502 909/1106/448
f 868/1107/449 893/1089/499 895/1044/385
f 882/1104/445 925/1108/450 883/1070/412
f 876/1073/451 909/1106/448 911/1109/504
f 888/1101/503 886/1110/505 887/1068/452
f 887/1068/452 890/1111/455 891/1069/410
f 891/1069/410 892/1096/501 893/1089/499
f 893/1089/499 894/1112/456 895/1044/385
f 895/1044/385 896/1113/457 897/1045/386
f 897/1045/386 898/1114/506 899/1077/495
f 901/1082/497 898/1114/506 900/1115/459
f 903/1086/428 900/1115/459 902/1116/507
f 903/1086/428 904/1095/500 905/1092/434
f 905/1092/434 906/1117/508 907/1099/502
f 909/1106/448 906/1117/508 908/1118/509
f 909/1106/448 910/1119/510 911/1109/504
f 913/1074/417 910/1119/510 912/1094/465
f 915/1080/423 912/1094/465 914/1120/511
f 917/1085/498 914/1120/511 916/1121/467
f 917/1085/498 918/1122/512 919/1091/432
f 919/1091/432 920/1123/513 921/1098/439
f 923/1103/446 920/1123/513 922/1124/514
f 925/1108/450 922/1124/514 924/1125/470
f 927/1071/494 924/1125/470 926/1126/471
f 929/1078/496 926/1126/471 928/1127/515
f 888/1101/503 928/1127/515 889/1128/516
f 865/1102/444 887/1068/452 864/1129/409
f 931/1006/482 933/1130/345 930/962/474
f 935/959/473 930/962/474 934/965/476
f 935/959/473 936/964/475 937/1009/483
f 939/1012/485 936/964/475 938/969/477
f 941/1014/352 938/969/477 940/971/326
f 941/1014/352 942/970/327 943/1131/517
f 943/1131/517 944/973/328 945/1016/486
f 945/1016/486 946/977/329 947/1018/359
f 949/1021/361 946/977/329 948/979/330
f 949/1021/361 950/978/331 951/1023/363
f 951/1023/363 952/981/333 953/1025/364
f 955/1132/518 952/981/333 954/985/478
f 957/1027/368 954/985/478 956/987/334
f 959/1029/487 956/987/334 958/986/335
f 961/1032/372 958/986/335 960/989/479
f 963/1034/374 960/989/479 962/993/336
f 963/1034/374 964/995/338 965/1133/472
f 965/1133/472 966/994/339 967/1036/488
f 967/1036/488 968/997/341 969/1038/489
f 971/1040/491 968/997/341 970/1002/481
f 973/1042/382 970/1002/481 972/1001/480
f 973/1042/382 933/1130/345 932/1008/348
f 823/963/77 933/1130/345 821/1003/77
f 976/1134/319 1089/1135/473 978/1136/321
f 977/1137/77 1088/1138/476 1084/1139/474
f 979/1140/77 1090/1141/475 1088/1138/476
f 981/1142/77 1092/1143/324 1090/1141/475
f 985/1144/77 1092/1143/324 983/1145/77
f 987/1146/77 1094/1147/326 985/1144/77
f 987/1146/77 1098/1148/328 1096/1149/327
f 989/1150/77 1100/1151/329 1098/1148/328
f 993/1152/77 1100/1151/329 991/1153/77
f 995/1154/77 1102/1155/330 993/1152/77
f 997/1156/77 1104/1157/519 995/1154/77
f 997/1156/77 1108/1158/478 1106/1159/333
f 999/1160/77 1110/1161/334 1108/1158/478
f 1001/1162/77 1112/1163/335 1110/1161/334
f 1005/1164/77 1112/1163/335 1003/1165/77
f 1007/1166/77 1114/1167/337 1005/1164/77
f 1009/1168/77 1116/1169/336 1007/1166/77
f 1011/1170/77 1118/1171/338 1009/1168/77
f 1013/1172/77 1120/1173/339 1011/1170/77
f 1015/1174/77 1122/1175/341 1013/1172/77
f 997/1156/343 1028/1176/342 1029/1177/343
f 1017/1178/77 1124/1179/481 1015/1174/77
f 975/1180/77 1126/1181/480 1017/1178/77
f 974/1182/181 1085/1183/520 976/1134/319
f 1016/1184/347 1086/1185/348 974/1182/181
f 1091/1186/483 982/1187/351 980/1188/349
f 1093/1189/485 984/1190/353 982/1187/351
f 1095/1191/352 986/1192/354 984/1190/353
f 986/1192/354 1099/1193/357 988/1194/356
f 1099/1193/357 990/1195/358 988/1194/356
f 1101/1196/359 992/1197/360 990/1195/358
f 1103/1198/521 994/1199/362 992/1197/360
f 1105/1200/363 996/1201/15 994/1199/362
f 1107/1202/364 998/1203/365 996/1201/15
f 1109/1204/522 1000/1205/367 998/1203/365
f 1000/1205/367 1113/1206/487 1002/1207/369
f 1002/1207/369 1115/1208/372 1004/1209/371
f 1004/1209/371 1117/1210/374 1006/1211/373
f 1117/1210/374 1008/1212/375 1006/1211/373
f 1119/1213/472 1010/1214/377 1008/1212/375
f 1121/1215/376 1012/1216/379 1010/1214/377
f 1012/1216/379 1125/1217/491 1014/1218/381
f 1014/1218/381 1127/1219/382 1016/1184/347
f 1089/1135/473 980/1188/349 978/1136/321
f 1023/1220/384 1049/1221/385 1051/1222/386
f 981/1142/387 1022/1223/388 983/1145/388
f 1013/1172/390 1036/1224/389 1037/1225/390
f 997/1156/343 1030/1226/391 999/1160/391
f 983/1145/388 1023/1227/392 985/1144/392
f 1015/1174/393 1037/1225/390 1038/1228/393
f 999/1160/391 1031/1229/394 1001/1162/394
f 985/1144/392 1024/1230/396 987/1146/396
f 1017/1178/397 1038/1228/393 1039/1231/397
f 1001/1162/394 1032/1232/398 1003/1165/398
f 987/1146/396 1025/1233/399 989/1150/399
f 975/1180/400 1039/1231/397 1019/1234/400
f 1005/1164/401 1032/1232/398 1033/1235/401
f 991/1153/402 1025/1233/399 1026/1236/402
f 975/1180/400 1018/1237/403 977/1137/403
f 1005/1164/401 1034/1238/404 1007/1166/404
f 993/1152/406 1026/1236/402 1027/1239/406
f 977/1137/403 1020/1240/407 979/1140/407
f 1007/1166/404 1035/1241/408 1009/1168/408
f 995/1154/342 1027/1239/406 1028/1176/342
f 979/1140/407 1021/1242/387 981/1142/387
f 1011/1170/389 1035/1241/408 1036/1224/389
f 1020/1243/411 1041/1244/523 1045/1245/410
f 1037/1246/412 1081/1247/413 1038/1248/414
f 1031/1249/415 1065/1250/504 1067/1251/417
f 1024/1252/419 1051/1222/386 1053/1253/495
f 1038/1248/414 1083/1254/496 1039/1255/421
f 1032/1256/422 1067/1251/417 1069/1257/524
f 1025/1258/425 1053/1253/495 1055/1259/497
f 1033/1260/427 1069/1257/524 1071/1261/525
f 1025/1258/425 1057/1262/526 1026/1263/429
f 1021/1264/430 1045/1245/410 1047/1265/431
f 1034/1266/433 1071/1261/525 1073/1267/432
f 1026/1263/429 1059/1268/527 1027/1269/435
f 1046/1270/436 1082/1271/437 1070/1272/528
f 1034/1266/433 1075/1273/529 1035/1274/440
f 1027/1269/435 1061/1275/442 1028/1276/441
f 1039/1255/421 1042/1277/503 1019/1278/444
f 1035/1274/440 1077/1279/446 1036/1280/445
f 1028/1276/441 1063/1281/530 1029/1282/447
f 1021/1264/430 1049/1221/385 1022/1283/449
f 1037/1246/412 1077/1279/446 1079/1284/450
f 1030/1285/451 1063/1281/530 1065/1250/504
f 1042/1277/503 1040/1286/531 1041/1244/523
f 1041/1244/523 1044/1287/455 1045/1245/410
f 1045/1245/410 1046/1270/436 1047/1265/431
f 1049/1221/385 1046/1270/436 1048/1288/456
f 1051/1222/386 1048/1288/456 1050/1289/532
f 1051/1222/386 1052/1290/533 1053/1253/495
f 1053/1253/495 1054/1291/459 1055/1259/497
f 1055/1259/497 1056/1292/534 1057/1262/526
f 1057/1262/526 1058/1293/500 1059/1268/527
f 1061/1275/442 1058/1293/500 1060/1294/535
f 1061/1275/442 1062/1295/536 1063/1281/530
f 1063/1281/530 1064/1296/537 1065/1250/504
f 1065/1250/504 1066/1297/465 1067/1251/417
f 1067/1251/417 1068/1298/538 1069/1257/524
f 1071/1261/525 1068/1298/538 1070/1272/528
f 1073/1267/432 1070/1272/528 1072/1299/539
f 1075/1273/529 1072/1299/539 1074/1300/513
f 1075/1273/529 1076/1301/514 1077/1279/446
f 1077/1279/446 1078/1302/540 1079/1284/450
f 1081/1247/413 1078/1302/540 1080/1303/541
f 1083/1254/496 1080/1303/541 1082/1271/437
f 1042/1277/503 1082/1271/437 1043/1304/542
f 1018/1305/409 1042/1277/503 1041/1244/523
f 1085/1183/520 1087/1306/345 1084/1139/474
f 1085/1183/520 1088/1138/476 1089/1135/473
f 1091/1186/483 1088/1138/476 1090/1141/475
f 1093/1189/485 1090/1141/475 1092/1143/324
f 1095/1191/352 1092/1143/324 1094/1147/326
f 1095/1191/352 1096/1149/327 1097/1307/517
f 1097/1307/517 1098/1148/328 1099/1193/357
f 1099/1193/357 1100/1151/329 1101/1196/359
f 1103/1198/521 1100/1151/329 1102/1155/330
f 1105/1200/363 1102/1155/330 1104/1157/519
f 1107/1202/364 1104/1157/519 1106/1159/333
f 1109/1204/522 1106/1159/333 1108/1158/478
f 1109/1204/522 1110/1161/334 1111/1308/368
f 1111/1308/368 1112/1163/335 1113/1206/487
f 1115/1208/372 1112/1163/335 1114/1167/337
f 1117/1210/374 1114/1167/337 1116/1169/336
f 1117/1210/374 1118/1171/338 1119/1213/472
f 1121/1215/376 1118/1171/338 1120/1173/339
f 1121/1215/376 1122/1175/341 1123/1309/543
f 1123/1309/543 1124/1179/481 1125/1217/491
f 1127/1219/382 1124/1179/481 1126/1181/480
f 1127/1219/382 1087/1306/345 1086/1185/348
f 975/1180/77 1084/1139/474 1087/1306/345
f 1142/1310/133 1171/1311/544 1173/1312/545
f 1130/1313/147 1145/1314/546 1149/1315/547
f 1134/1316/58 1159/1317/548 1135/1318/549
f 1142/1310/133 1175/1319/550 1143/1320/551
f 1135/1318/549 1161/1321/552 1136/1322/15
f 1136/1322/15 1163/1323/553 1137/1324/554
f 1166/1325/555 1162/1326/556 1154/1327/557
f 1131/1328/558 1149/1315/547 1151/1329/559
f 1137/1324/554 1165/1330/560 1138/1331/148
f 1128/1332/181 1175/1319/550 1146/1333/561
f 1138/1331/148 1167/1334/562 1139/1335/563
f 1132/1336/8 1151/1329/559 1153/1337/564
f 1139/1335/563 1169/1338/565 1140/1339/1
f 1132/1336/8 1155/1340/566 1133/1341/567
f 1141/1342/568 1169/1338/565 1171/1311/544
f 1133/1341/567 1157/1343/569 1134/1316/58
f 1145/1314/546 1147/1344/570 1144/1345/571
f 1149/1315/547 1144/1345/571 1148/1346/572
f 1151/1329/559 1148/1346/572 1150/1347/573
f 1153/1337/564 1150/1347/573 1152/1348/574
f 1153/1337/564 1154/1327/557 1155/1340/566
f 1155/1340/566 1156/1349/575 1157/1343/569
f 1157/1343/569 1158/1350/576 1159/1317/548
f 1159/1317/548 1160/1351/577 1161/1321/552
f 1163/1323/553 1160/1351/577 1162/1326/556
f 1165/1330/560 1162/1326/556 1164/1352/578
f 1167/1334/562 1164/1352/578 1166/1325/555
f 1169/1338/565 1166/1325/555 1168/1353/579
f 1169/1338/565 1170/1354/580 1171/1311/544
f 1171/1311/544 1172/1355/581 1173/1312/545
f 1173/1312/545 1174/1356/582 1175/1319/550
f 1175/1319/550 1147/1344/570 1146/1333/561
f 1129/1357/583 1146/1333/561 1145/1314/546
f 1201/1358/584 1189/1359/585 1196/1360/586
f 1179/1361/587 1182/1362/588 1176/1363/588
f 1196/1364/1 1198/1365/1 1184/1366/1
f 1188/1367/15 1183/1368/589 1197/1369/15
f 1183/1368/589 1177/1370/590 1184/1371/590
f 1184/1371/590 1176/1363/588 1182/1362/588
f 1193/1372/181 1187/1373/591 1180/1374/591
f 1180/1374/591 1186/1375/592 1181/1376/592
f 1186/1375/592 1179/1361/587 1181/1376/592
f 1188/1377/15 1199/1378/593 1190/1379/593
f 1199/1378/593 1191/1380/594 1190/1379/593
f 1191/1380/594 1196/1360/586 1189/1359/585
f 1193/1372/181 1202/1381/595 1200/1382/181
f 1195/1383/595 1203/1384/596 1202/1381/595
f 1194/1385/596 1201/1358/584 1203/1384/596
f 1249/1386/131 1260/1387/131 1240/1388/131
f 1223/1389/597 1252/1390/597 1253/1391/597
f 1207/1392/598 1238/1393/598 1208/1394/598
f 1222/1395/599 1251/1396/599 1252/1390/599
f 1206/1397/600 1237/1398/600 1207/1392/600
f 1219/1399/601 1251/1400/601 1221/1401/601
f 1210/1402/8 1234/1403/8 1204/1404/8
f 1226/1405/602 1254/1406/602 1224/1407/602
f 1210/1402/603 1243/1408/603 1240/1409/603
f 1227/1410/604 1256/1411/604 1226/1405/604
f 1213/1412/605 1242/1413/605 1243/1414/605
f 1225/1415/606 1258/1416/606 1228/1417/606
f 1212/1418/607 1241/1419/607 1242/1413/607
f 1228/1417/608 1257/1420/608 1227/1410/608
f 1211/1421/609 1239/1422/609 1241/1419/609
f 1231/1423/610 1259/1424/610 1229/1425/610
f 1220/1426/15 1239/1422/15 1209/1427/15
f 1232/1428/611 1261/1429/611 1231/1423/611
f 1218/1430/612 1245/1431/613 1215/1432/613
f 1233/1433/614 1260/1434/614 1263/1435/614
f 1217/1436/615 1248/1437/615 1218/1430/615
f 1233/1433/616 1262/1438/616 1232/1428/616
f 1216/1439/617 1247/1440/617 1217/1436/617
f 1215/1432/1 1249/1441/1 1219/1399/1
f 1230/1442/181 1254/1406/181 1260/1434/181
f 1214/1443/618 1246/1444/618 1216/1439/618
f 1204/1404/619 1236/1445/619 1206/1397/619
f 1205/1446/620 1255/1447/620 1225/1415/620
f 1220/1426/621 1253/1391/621 1250/1448/621
f 1208/1394/622 1235/1449/622 1205/1446/622
f 1229/1425/623 1244/1450/623 1214/1443/623
f 1273/1451/624 1282/1452/625 1278/1453/626
f 1268/1454/627 1266/1455/628 1264/1456/629
f 1281/1457/630 1270/1458/630 1282/1459/630
f 1269/1460/631 1272/1461/632 1279/1462/633
f 1268/1454/627 1265/1463/634 1269/1460/631
f 1276/1464/635 1271/1465/636 1281/1466/637
f 1267/1467/638 1270/1468/639 1271/1465/636
f 1274/1469/640 1279/1462/633 1272/1461/632
f 1273/1451/624 1280/1470/641 1274/1469/640
f 1281/1471/637 1277/1472/642 1276/1473/635
f 1283/1474/643 1275/1475/644 1277/1472/642
f 1287/1476/645 1297/1477/646 1288/1478/647
f 1289/1479/648 1297/1477/646 1298/1480/649
f 1290/1481/650 1298/1480/649 1299/1482/651
f 1291/1483/652 1299/1482/651 1300/1484/653
f 1292/1485/654 1300/1484/653 1301/1486/655
f 1284/1487/656 1294/1488/657 1285/1489/658
f 1285/1489/658 1295/1490/659 1286/1491/660
f 1286/1491/660 1296/1492/661 1287/1476/645
f 1301/1486/655 1309/1493/662 1310/1494/663
f 1293/1495/664 1303/1496/665 1294/1488/657
f 1295/1490/659 1303/1496/665 1304/1497/666
f 1296/1492/661 1304/1497/666 1305/1498/667
f 1297/1477/646 1305/1498/667 1306/1499/668
f 1297/1477/646 1307/1500/669 1298/1480/649
f 1298/1480/649 1308/1501/670 1299/1482/651
f 1300/1484/653 1308/1501/670 1309/1493/662
f 1306/1499/668 1314/1502/671 1315/1503/672
f 1306/1499/668 1316/1504/673 1307/1500/669
f 1307/1500/669 1317/1505/674 1308/1501/670
f 1308/1501/670 1318/1506/675 1309/1493/662
f 1309/1493/662 1319/1507/676 1310/1494/663
f 1303/1496/665 1311/1508/677 1312/1509/678
f 1304/1497/666 1312/1509/678 1313/1510/679
f 1305/1498/667 1313/1510/679 1314/1502/671
f 1318/1506/675 1328/1511/680 1319/1507/676
f 1312/1509/678 1320/1512/681 1321/1513/682
f 1313/1510/679 1321/1513/682 1322/1514/683
f 1314/1502/671 1322/1514/683 1323/1515/684
f 1315/1503/672 1323/1515/684 1324/1516/685
f 1315/1503/672 1325/1517/686 1316/1504/673
f 1316/1504/673 1326/1518/687 1317/1505/674
f 1317/1505/674 1327/1519/688 1318/1506/675
f 1330/1520/131 1334/1521/131 1342/1522/131
f 1343/1523/568 1361/1524/133 1345/1525/133
f 1349/1526/181 1374/1527/583 1358/1528/583
f 1344/1529/1 1359/1530/568 1343/1523/568
f 1362/1531/563 1344/1529/1 1346/1532/563
f 1363/1533/148 1346/1532/563 1347/1534/148
f 1367/1535/15 1350/1536/554 1351/1537/15
f 1366/1538/554 1347/1534/148 1350/1536/554
f 1374/1527/583 1356/1539/147 1358/1528/583
f 1348/1540/551 1365/1541/181 1349/1526/181
f 1345/1525/133 1364/1542/551 1348/1540/551
f 1352/1543/549 1367/1535/15 1351/1537/15
f 1370/1544/558 1353/1545/8 1354/1546/558
f 1357/1547/58 1368/1548/549 1352/1543/549
f 1355/1549/567 1373/1550/58 1357/1547/58
f 1353/1545/8 1371/1551/567 1355/1549/567
f 1372/1552/147 1354/1546/558 1356/1539/147
f 1367/1553/77 1373/1554/77 1372/1555/77
f 1393/1556/8 1394/1557/8 1378/1558/8
f 1400/1559/689 1388/1560/690 1395/1561/690
f 1378/1562/691 1381/1563/692 1375/1564/692
f 1396/1565/693 1377/1566/694 1382/1567/695
f 1382/1567/695 1376/1568/590 1383/1569/590
f 1383/1569/590 1375/1564/692 1381/1563/692
f 1399/1570/181 1379/1571/696 1392/1572/181
f 1386/1573/697 1380/1574/592 1379/1571/696
f 1385/1575/592 1378/1562/691 1380/1574/592
f 1387/1576/201 1398/1577/593 1389/1578/593
f 1389/1578/593 1397/1579/594 1390/1580/594
f 1390/1580/594 1395/1561/690 1388/1560/690
f 1392/1572/181 1401/1581/595 1399/1570/181
f 1394/1582/595 1402/1583/596 1401/1581/595
f 1393/1584/596 1400/1559/689 1402/1583/596
f 1421/1585/8 1422/1586/8 1406/1587/8
f 1428/1588/689 1416/1589/690 1423/1590/690
f 1406/1591/691 1409/1592/692 1403/1593/692
f 1424/1594/693 1405/1595/694 1410/1596/695
f 1410/1596/695 1404/1597/590 1411/1598/590
f 1411/1598/590 1403/1593/692 1409/1592/692
f 1427/1599/181 1407/1600/696 1420/1601/181
f 1414/1602/698 1408/1603/592 1407/1600/696
f 1413/1604/592 1406/1591/691 1408/1603/592
f 1415/1605/693 1426/1606/593 1417/1607/593
f 1417/1607/593 1425/1608/594 1418/1609/594
f 1418/1609/594 1423/1590/690 1416/1589/690
f 1420/1601/181 1429/1610/595 1427/1599/181
f 1422/1611/595 1430/1612/596 1429/1610/595
f 1421/1613/596 1428/1588/689 1430/1612/596
f 1444/1614/15 1435/1615/15 1438/1616/15
f 1433/1617/699 1445/1618/700 1434/1619/701
f 1432/1620/702 1436/1621/703 1431/1622/704
f 1434/1619/701 1439/1623/705 1432/1624/702
f 1437/1625/706 1438/1626/707 1435/1627/707
f 1437/1625/706 1439/1628/708 1440/1629/706
f 1440/1630/709 1444/1631/710 1438/1632/711
f 1440/1630/709 1445/1618/712 1446/1633/709
f 1446/1633/713 1441/1634/714 1444/1631/714
f 1445/1618/715 1443/1635/713 1446/1633/713
f 1441/1636/716 1437/1625/717 1435/1627/718
f 1442/1637/719 1437/1625/717 1443/1638/717
f 1431/1622/704 1442/1637/699 1433/1639/699
f 1449/1640/720 286/447/89 1450/446/132
f 1447/320/32 309/1641/77 253/1642/36
f 1457/1643/8 253/1642/36 205/1644/38
f 150/413/110 1455/412/112 1453/323/8
f 1456/385/87 1449/1640/720 1450/446/132
f 1454/1645/77 1447/320/32 1455/412/112
f 1452/384/86 398/1646/8 399/1647/8
f 1458/1648/8 1457/1643/8 405/1649/8
f 503/1/1 502/4/2 2/2/2
f 502/4/2 500/6/3 3/5/3
f 500/6/3 497/8/4 4/7/4
f 497/8/4 496/10/5 5/9/5
f 496/10/5 493/12/6 6/11/6
f 493/12/6 492/14/7 7/13/7
f 492/14/7 491/16/8 8/15/8
f 491/16/8 490/18/9 9/17/9
f 490/18/9 494/20/10 10/19/10
f 494/20/10 495/22/11 11/21/11
f 495/22/11 499/24/12 12/23/12
f 499/24/12 498/26/13 13/25/13
f 498/26/13 501/28/14 14/27/14
f 501/28/14 503/1/1 1/3/1
f 7/29/15 8/1650/15 11/30/15
f 8/1650/15 9/1651/15 11/30/15
f 9/1651/15 10/1652/15 11/30/15
f 11/30/15 12/1653/15 1/31/15
f 12/1653/15 13/1654/15 1/31/15
f 13/1654/15 14/1655/15 1/31/15
f 1/31/15 2/1656/15 5/1657/15
f 2/1656/15 3/1658/15 5/1657/15
f 3/1658/15 4/1659/15 5/1657/15
f 5/1657/15 6/1660/15 7/29/15
f 5/1657/15 7/29/15 1/31/15
f 488/32/1 489/35/2 16/33/2
f 489/35/2 483/37/3 17/36/3
f 483/37/3 484/39/4 18/38/4
f 484/39/4 482/41/5 19/40/5
f 482/41/5 479/43/6 20/42/6
f 479/43/6 477/45/7 21/44/7
f 477/45/7 475/47/8 22/46/8
f 475/47/8 478/49/9 23/48/9
f 478/49/9 481/51/10 24/50/10
f 481/51/10 480/53/11 25/52/11
f 480/53/11 485/55/12 26/54/12
f 485/55/12 486/57/13 27/56/13
f 486/57/13 487/59/14 28/58/14
f 487/59/14 488/32/1 15/34/1
f 21/60/15 22/1661/15 25/61/15
f 22/1661/15 23/1662/15 25/61/15
f 23/1662/15 24/1663/15 25/61/15
f 25/61/15 26/1664/15 27/1665/15
f 27/1665/15 28/1666/15 25/61/15
f 28/1666/15 15/62/15 25/61/15
f 15/62/15 16/1667/15 17/1668/15
f 17/1668/15 18/1669/15 15/62/15
f 18/1669/15 19/1670/15 15/62/15
f 19/1670/15 20/1671/15 21/60/15
f 19/1670/15 21/60/15 15/62/15
f 476/63/1 474/66/2 30/64/2
f 474/66/2 471/68/3 31/67/3
f 471/68/3 468/70/4 32/69/4
f 468/70/4 465/72/5 33/71/5
f 465/72/5 467/74/6 34/73/6
f 467/74/6 463/76/7 35/75/7
f 463/76/7 462/78/8 36/77/8
f 462/78/8 464/80/9 37/79/9
f 464/80/9 466/82/10 38/81/10
f 466/82/10 469/84/11 39/83/11
f 469/84/11 470/86/12 40/85/12
f 470/86/12 472/88/13 41/87/13
f 472/88/13 473/90/14 42/89/14
f 473/90/14 476/63/1 29/65/1
f 35/91/15 36/1672/15 39/92/15
f 36/1672/15 37/1673/15 39/92/15
f 37/1673/15 38/1674/15 39/92/15
f 39/92/15 40/1675/15 41/1676/15
f 41/1676/15 42/1677/15 29/93/15
f 29/93/15 30/1678/15 31/1679/15
f 31/1679/15 32/1680/15 29/93/15
f 32/1680/15 33/1681/15 29/93/15
f 33/1681/15 34/1682/15 35/91/15
f 39/92/15 41/1676/15 29/93/15
f 33/1681/15 35/91/15 29/93/15
f 461/94/1 459/97/2 44/95/2
f 459/97/2 458/99/3 45/98/3
f 458/99/3 453/101/4 46/100/4
f 453/101/4 454/103/5 47/102/5
f 454/103/5 452/105/6 48/104/6
f 452/105/6 449/107/7 49/106/7
f 449/107/7 447/109/8 50/108/8
f 447/109/8 451/111/9 51/110/9
f 451/111/9 450/113/10 52/112/10
f 450/113/10 455/115/11 53/114/11
f 455/115/11 456/117/12 54/116/12
f 456/117/12 457/119/13 55/118/13
f 457/119/13 460/121/14 56/120/14
f 460/121/14 461/94/1 43/96/1
f 49/122/15 50/1683/15 53/123/15
f 50/1683/15 51/1684/15 53/123/15
f 51/1684/15 52/1685/15 53/123/15
f 53/123/15 54/1686/15 43/124/15
f 54/1686/15 55/1687/15 43/124/15
f 55/1687/15 56/1688/15 43/124/15
f 43/124/15 44/1689/15 45/1690/15
f 45/1690/15 46/1691/15 47/1692/15
f 47/1692/15 48/1693/15 49/122/15
f 43/124/15 45/1690/15 47/1692/15
f 47/1692/15 49/122/15 43/124/15
f 448/125/1 444/128/2 58/126/2
f 444/128/2 443/130/3 59/129/3
f 443/130/3 442/132/4 60/131/4
f 442/132/4 440/134/5 61/133/5
f 440/134/5 437/136/6 62/135/6
f 437/136/6 436/138/7 63/137/7
f 436/138/7 434/140/8 64/139/8
f 434/140/8 435/142/9 65/141/9
f 435/142/9 438/144/10 66/143/10
f 438/144/10 439/146/11 67/145/11
f 439/146/11 441/148/12 68/147/12
f 441/148/12 445/150/13 69/149/13
f 445/150/13 446/152/14 70/151/14
f 446/152/14 448/125/1 57/127/1
f 63/153/15 64/1694/15 65/1695/15
f 65/1695/15 66/1696/15 67/154/15
f 67/154/15 68/1697/15 57/155/15
f 68/1697/15 69/1698/15 57/155/15
f 69/1698/15 70/1699/15 57/155/15
f 57/155/15 58/1700/15 59/1701/15
f 59/1701/15 60/1702/15 57/155/15
f 60/1702/15 61/1703/15 57/155/15
f 61/1703/15 62/1704/15 63/153/15
f 63/153/15 65/1695/15 67/154/15
f 61/1703/15 63/153/15 57/155/15
f 431/156/1 433/159/2 72/157/2
f 433/159/2 427/161/3 73/160/3
f 427/161/3 428/163/4 74/162/4
f 428/163/4 425/165/5 75/164/5
f 425/165/5 423/167/6 76/166/6
f 423/167/6 424/169/7 77/168/7
f 424/169/7 421/171/8 78/170/8
f 421/171/8 420/173/9 79/172/9
f 420/173/9 422/175/10 80/174/10
f 422/175/10 426/177/11 81/176/11
f 426/177/11 429/179/12 82/178/12
f 429/179/12 430/181/13 83/180/13
f 430/181/13 432/183/14 84/182/14
f 432/183/14 431/156/1 71/158/1
f 77/184/15 78/1705/15 81/185/15
f 78/1705/15 79/1706/15 81/185/15
f 79/1706/15 80/1707/15 81/185/15
f 81/185/15 82/1708/15 71/186/15
f 82/1708/15 83/1709/15 71/186/15
f 83/1709/15 84/1710/15 71/186/15
f 71/186/15 72/1711/15 73/1712/15
f 73/1712/15 74/1713/15 71/186/15
f 74/1713/15 75/1714/15 71/186/15
f 75/1714/15 76/1715/15 77/184/15
f 75/1714/15 77/184/15 71/186/15
f 544/187/1 543/190/2 86/188/2
f 543/190/2 540/192/3 87/191/3
f 540/192/3 539/194/4 88/193/4
f 539/194/4 537/196/5 89/195/5
f 537/196/5 536/198/6 90/197/6
f 536/198/6 534/200/7 91/199/7
f 534/200/7 532/202/8 92/201/8
f 532/202/8 533/204/9 93/203/9
f 533/204/9 535/206/10 94/205/10
f 535/206/10 538/208/11 95/207/11
f 538/208/11 541/210/12 96/209/12
f 541/210/12 542/1716/13 97/211/13
f 97/211/13 542/1716/13 545/212/14
f 98/213/14 545/212/14 544/187/1
f 91/1717/15 92/1718/15 95/214/15
f 92/1718/15 93/1719/15 95/214/15
f 93/1719/15 94/1720/15 95/214/15
f 95/214/15 96/1721/15 85/215/15
f 96/1721/15 97/1722/15 85/215/15
f 97/1722/15 98/1723/15 85/215/15
f 85/215/15 86/1724/15 87/1725/15
f 87/1725/15 88/1726/15 85/215/15
f 88/1726/15 89/216/15 85/215/15
f 89/216/15 90/1727/15 91/1717/15
f 89/216/15 91/1717/15 95/214/15
f 99/217/1 531/243/1 530/218/2
f 530/218/2 528/221/3 101/220/3
f 528/221/3 525/223/4 102/222/4
f 525/223/4 522/225/5 103/224/5
f 522/225/5 523/227/6 104/226/6
f 523/227/6 518/229/7 105/228/7
f 518/229/7 519/231/8 106/230/8
f 519/231/8 520/233/9 107/232/9
f 520/233/9 521/235/10 108/234/10
f 521/235/10 524/237/11 109/236/11
f 524/237/11 526/239/12 110/238/12
f 526/239/12 527/241/13 111/240/13
f 527/241/13 529/1728/14 112/242/14
f 112/242/14 529/1728/14 531/243/1
f 105/244/15 106/1729/15 109/245/15
f 106/1729/15 107/1730/15 109/245/15
f 107/1730/15 108/1731/15 109/245/15
f 109/245/15 110/1732/15 99/246/15
f 110/1732/15 111/1733/15 99/246/15
f 111/1733/15 112/1734/15 99/246/15
f 99/246/15 100/1735/15 101/1736/15
f 101/1736/15 102/1737/15 103/1738/15
f 103/1738/15 104/1739/15 105/244/15
f 99/246/15 101/1736/15 103/1738/15
f 103/1738/15 105/244/15 99/246/15
f 517/247/1 515/250/2 114/248/2
f 515/250/2 514/252/3 115/251/3
f 514/252/3 512/254/4 116/253/4
f 512/254/4 511/256/5 117/255/5
f 511/256/5 508/258/6 118/257/6
f 508/258/6 506/260/7 119/259/7
f 506/260/7 504/262/8 120/261/8
f 504/262/8 505/264/9 121/263/9
f 505/264/9 507/266/10 122/265/10
f 507/266/10 509/268/11 123/267/11
f 509/268/11 510/270/12 124/269/12
f 510/270/12 513/272/13 125/271/13
f 513/272/13 516/274/14 126/273/14
f 516/274/14 517/247/1 113/249/1
f 119/1740/15 120/1741/15 123/275/15
f 120/1741/15 121/1742/15 123/275/15
f 121/1742/15 122/1743/15 123/275/15
f 123/275/15 124/1744/15 113/276/15
f 124/1744/15 125/1745/15 113/276/15
f 125/1745/15 126/1746/15 113/276/15
f 113/276/15 114/1747/15 115/1748/15
f 115/1748/15 116/1749/15 117/277/15
f 117/277/15 118/1750/15 119/1740/15
f 113/276/15 115/1748/15 117/277/15
f 117/277/15 119/1740/15 123/275/15
f 128/278/3 416/282/3 414/279/16
f 129/281/2 417/1751/2 416/282/3
f 419/283/1 417/1751/2 129/281/2
f 411/285/18 410/288/6 132/286/6
f 410/288/6 407/290/7 133/289/7
f 407/290/7 406/292/8 134/291/8
f 406/292/8 408/1752/9 135/293/9
f 408/294/9 409/297/10 136/295/10
f 409/297/10 412/641/202 137/298/19
f 418/299/14 419/283/1 130/284/1
f 415/301/13 418/299/14 138/300/14
f 413/303/20 415/301/13 139/302/13
f 127/280/17 414/279/16 411/285/18
f 136/307/15 137/1753/15 131/305/15
f 137/1753/15 140/1754/15 127/1755/15
f 140/1754/15 139/1756/15 138/1757/15
f 138/1757/15 130/1758/15 129/1759/15
f 129/1759/15 128/1760/15 127/1755/15
f 127/1755/15 131/305/15 137/1753/15
f 131/305/15 132/1761/15 134/306/15
f 132/1761/15 133/1762/15 134/306/15
f 134/306/15 135/1763/15 136/307/15
f 140/1754/15 138/1757/15 127/1755/15
f 138/1757/15 129/1759/15 127/1755/15
f 143/308/22 144/346/53 170/309/23
f 250/311/25 249/371/74 183/312/26
f 240/314/28 268/336/43 266/315/29
f 541/1764/15 526/656/15 202/319/31
f 252/338/45 537/1765/15 539/1766/15
f 252/338/45 539/1766/15 540/1767/15
f 542/1768/15 541/1764/15 202/319/31
f 545/318/15 542/1768/15 202/319/31
f 202/319/31 252/338/45 544/317/15
f 252/338/45 540/1767/15 543/1769/15
f 252/338/45 543/1769/15 544/317/15
f 392/1770/8 395/324/8 1453/323/8
f 1453/323/8 1455/412/112 392/1770/8
f 1455/412/112 1447/320/32 390/322/8
f 1447/320/32 1458/1648/8 388/321/8
f 1458/1648/8 394/1771/8 389/1772/8
f 1458/1648/8 389/1772/8 388/321/8
f 391/1773/8 392/1770/8 1455/412/112
f 390/322/8 391/1773/8 1455/412/112
f 404/325/8 397/1774/8 1451/1775/8
f 1451/1775/8 1453/323/8 404/325/8
f 261/326/33 262/361/64 228/327/34
f 253/329/36 258/415/114 219/330/37
f 260/332/39 146/349/56 166/333/40
f 242/335/42 269/426/123 268/336/43
f 208/337/44 254/356/62 252/338/45
f 251/339/46 250/311/25 193/313/27
f 272/341/48 271/344/51 246/342/49
f 271/344/51 270/348/55 244/345/52
f 144/346/53 150/410/110 158/347/54
f 270/348/55 269/426/123 242/335/42
f 146/349/56 251/339/46 198/340/47
f 238/350/57 267/422/121 272/341/48
f 348/351/58 347/527/59 215/352/59
f 222/354/60 259/431/125 261/326/33
f 211/355/61 255/369/72 254/356/62
f 234/357/63 265/368/71 260/332/39
f 266/358/29 259/430/125 222/359/60
f 262/361/64 263/434/128 230/362/65
f 219/330/37 258/415/114 257/363/66
f 230/362/65 263/434/128 264/365/68
f 257/363/66 256/418/117 214/367/70
f 232/366/69 264/365/68 265/368/71
f 214/367/70 256/418/117 255/369/72
f 250/311/25 274/372/75 273/370/73
f 251/339/46 275/373/76 274/372/75
f 146/349/56 276/1776/77 275/373/76
f 277/374/77 276/1776/77 146/349/56
f 278/375/78 223/334/41 166/333/40
f 166/333/40 198/340/47 280/377/80
f 198/340/47 193/313/27 281/378/81
f 193/313/27 183/312/26 282/379/82
f 282/379/82 183/312/26 176/310/24
f 283/380/83 176/310/24 170/309/23
f 284/381/84 170/309/23 158/347/54
f 285/383/85 158/1777/54 1452/384/86
f 205/331/38 219/330/37 287/386/88
f 219/330/37 217/364/67 288/388/90
f 217/364/67 214/367/70 289/389/91
f 289/389/91 214/367/70 211/355/61
f 290/390/92 211/355/61 208/337/44
f 291/391/93 208/337/44 202/319/31
f 202/319/31 238/350/57 293/393/95
f 238/350/57 248/343/50 294/394/96
f 248/343/50 246/342/49 295/395/97
f 295/395/97 246/342/49 244/345/52
f 296/396/98 244/345/52 242/335/42
f 297/397/99 242/335/42 240/314/28
f 298/398/100 240/314/28 236/316/30
f 236/360/30 222/359/60 300/400/102
f 222/354/60 226/328/35 301/402/103
f 226/328/35 228/327/34 302/404/104
f 302/404/104 228/327/34 230/362/65
f 230/362/65 232/366/69 304/406/106
f 304/406/106 232/366/69 234/357/63
f 305/407/107 234/357/63 223/334/41
f 273/370/73 306/408/108 143/308/22
f 306/408/108 307/409/109 144/346/53
f 307/409/109 308/1778/111 150/410/110
f 308/411/111 1454/1645/77 1455/412/112
f 253/329/36 309/1779/77 310/414/113
f 258/415/114 310/414/113 311/416/115
f 257/363/66 311/416/115 312/417/116
f 256/418/117 312/417/116 313/419/118
f 313/419/118 314/420/119 254/356/62
f 314/420/119 315/1780/122 252/338/45
f 252/338/45 315/1780/122 316/421/120
f 267/422/121 316/421/120 317/423/77
f 272/341/48 317/423/77 318/424/122
f 318/424/122 319/425/122 270/348/55
f 319/425/122 320/427/124 269/426/123
f 320/427/124 321/428/108 268/336/43
f 321/428/108 322/1781/113 266/315/29
f 322/429/113 323/1782/77 259/430/125
f 259/431/125 323/1783/77 324/432/126
f 261/326/33 324/432/126 325/433/127
f 325/433/127 326/435/126 263/434/128
f 326/435/126 327/436/129 264/365/68
f 327/436/129 328/437/130 265/368/71
f 328/437/130 277/374/77 260/332/39
f 249/371/74 143/308/22 176/310/24
f 278/375/78 279/376/79 164/438/131
f 279/376/79 280/377/80 197/440/131
f 280/377/80 281/378/81 189/441/131
f 281/378/81 282/379/82 181/442/131
f 181/442/131 282/379/82 283/380/83
f 173/443/131 283/380/83 284/381/84
f 169/444/131 284/381/84 285/382/85
f 204/448/131 156/1784/131 1450/446/132
f 156/1784/131 285/383/85 1456/385/87
f 1456/385/87 1450/446/132 156/1784/131
f 286/387/89 287/386/88 218/449/131
f 218/449/131 287/386/88 288/388/90
f 215/451/131 288/388/90 289/389/91
f 289/389/91 290/390/92 209/453/131
f 290/390/92 291/391/93 206/454/131
f 206/454/131 291/391/93 292/392/94
f 292/392/94 293/393/95 237/456/131
f 293/393/95 294/394/96 247/457/131
f 294/394/96 295/395/97 245/458/131
f 295/395/97 296/396/98 243/459/131
f 296/396/98 297/397/99 241/460/131
f 241/460/131 297/397/99 298/398/100
f 239/461/131 298/398/100 299/399/101
f 299/401/101 300/400/102 221/463/131
f 300/403/102 301/402/103 225/465/131
f 301/402/103 302/404/104 227/467/131
f 302/404/104 303/405/105 229/468/131
f 229/468/131 303/405/105 304/406/106
f 231/469/131 304/406/106 305/407/107
f 233/470/131 305/407/107 278/375/78
f 273/1785/73 274/1786/75 275/472/76
f 275/472/76 276/1787/77 308/473/111
f 276/1787/77 277/1788/77 1448/1789/77
f 277/1788/77 328/1790/130 327/1791/129
f 327/1791/129 326/1792/126 325/1793/127
f 325/1793/127 324/1794/126 327/1791/129
f 324/1794/126 323/1795/77 327/1791/129
f 323/1795/77 322/1796/113 1448/1789/77
f 322/1796/113 321/1797/108 316/1798/120
f 1448/1789/77 322/1796/113 309/1799/77
f 321/1797/108 320/1800/124 319/1801/122
f 319/1801/122 318/1802/122 317/1803/77
f 317/1803/77 316/1798/120 319/1801/122
f 316/1798/120 315/1804/122 309/1799/77
f 319/1801/122 316/1798/120 321/1797/108
f 315/1804/122 314/1805/119 311/1806/115
f 314/1805/119 313/1807/118 311/1806/115
f 313/1807/118 312/1808/116 311/1806/115
f 311/1806/115 310/1809/113 309/1799/77
f 1448/1789/77 1454/1810/77 276/1787/77
f 1454/1810/77 308/473/111 276/1787/77
f 311/1806/115 309/1799/77 315/1804/122
f 277/1788/77 327/1791/129 323/1795/77
f 1448/1789/77 277/1788/77 323/1795/77
f 306/471/108 273/1785/73 275/472/76
f 308/473/111 307/1811/109 306/471/108
f 316/1798/120 309/1799/77 322/1796/113
f 229/474/133 354/480/133 341/475/134
f 334/477/135 348/351/58 213/353/58
f 231/479/136 355/484/136 354/480/133
f 349/481/137 334/477/135 209/478/135
f 233/483/138 356/490/138 355/484/136
f 335/485/139 349/481/137 206/482/137
f 329/487/140 342/1812/141 224/488/141
f 224/488/141 342/1812/141 356/490/138
f 350/491/142 335/485/139 201/486/139
f 197/493/143 330/497/143 329/487/140
f 336/494/144 350/491/142 237/492/142
f 189/496/145 343/501/145 330/497/143
f 337/498/146 336/494/144 247/495/144
f 181/500/147 331/505/147 343/501/145
f 351/502/148 337/498/146 245/499/146
f 173/504/149 344/509/149 331/505/147
f 338/506/150 351/502/148 243/503/148
f 169/508/151 332/1813/151 344/509/149
f 339/510/152 338/506/150 241/507/150
f 345/512/153 332/1813/151 169/508/151
f 340/514/154 339/510/152 239/511/152
f 346/516/155 345/512/153 156/513/153
f 352/518/156 340/1814/154 235/519/154
f 333/521/157 346/1815/155 204/522/155
f 353/524/158 352/1816/156 221/525/156
f 347/527/59 333/521/157 218/523/157
f 227/476/134 341/475/134 353/524/158
f 377/1817/131 375/1818/131 342/1819/131
f 375/1818/131 355/1820/131 342/1819/131
f 355/1820/131 356/1821/131 342/1819/131
f 342/1819/131 329/1822/131 378/1823/131
f 329/1822/131 330/1824/131 361/1825/131
f 378/1823/131 329/1822/131 368/1826/131
f 361/1825/131 366/1827/131 329/1822/131
f 366/1827/131 363/1828/131 329/1822/131
f 378/1823/131 377/1817/131 342/1819/131
f 378/1823/131 368/1826/131 357/1829/131
f 363/1828/131 368/1826/131 329/1822/131
f 376/1830/131 378/1823/131 357/1829/131
f 359/1831/131 373/1832/131 360/529/131
f 373/1832/131 374/530/131 360/529/131
f 374/530/131 376/1830/131 358/528/131
f 376/1830/131 357/1829/131 358/528/131
f 379/1833/131 373/1832/131 359/1831/131
f 379/1833/131 359/1831/131 370/1834/131
f 381/1835/131 379/1833/131 370/1834/131
f 381/1835/131 370/1834/131 371/1836/131
f 383/1837/131 381/1835/131 371/1836/131
f 383/1837/131 371/1836/131 369/1838/131
f 382/1839/131 383/1837/131 369/1838/131
f 382/1839/131 369/1838/131 372/1840/131
f 387/533/131 382/1839/131 372/1840/131
f 387/533/131 372/1840/131 367/1841/131
f 362/1842/131 361/1825/131 330/1824/131
f 330/1824/131 343/1843/131 331/1844/131
f 331/1844/131 344/1845/131 330/1824/131
f 344/1845/131 332/1846/131 330/1824/131
f 332/1846/131 345/1847/131 330/1824/131
f 345/1847/131 346/531/131 367/1841/131
f 364/1848/131 345/1847/131 367/1841/131
f 346/531/131 333/1849/131 335/1850/131
f 333/1849/131 347/1851/131 335/1850/131
f 347/1851/131 348/1852/131 334/1853/131
f 334/1853/131 349/1854/131 347/1851/131
f 349/1854/131 335/1850/131 347/1851/131
f 335/1850/131 350/1855/131 340/532/131
f 350/1855/131 336/1856/131 339/1857/131
f 339/1857/131 336/1856/131 351/1858/131
f 336/1856/131 337/1859/131 351/1858/131
f 351/1858/131 338/1860/131 339/1857/131
f 339/1857/131 340/532/131 350/1855/131
f 340/532/131 352/1861/131 387/533/131
f 387/533/131 352/1861/131 384/1862/131
f 352/1861/131 353/1863/131 355/1820/131
f 353/1863/131 341/1864/131 355/1820/131
f 341/1864/131 354/1865/131 355/1820/131
f 355/1820/131 375/1818/131 380/1866/131
f 355/1820/131 380/1866/131 385/1867/131
f 345/1847/131 364/1848/131 365/1868/131
f 365/1868/131 362/1842/131 330/1824/131
f 365/1868/131 330/1824/131 345/1847/131
f 346/531/131 335/1850/131 340/532/131
f 352/1861/131 355/1820/131 386/1869/131
f 384/1862/131 352/1861/131 386/1869/131
f 355/1820/131 385/1867/131 386/1869/131
f 367/1841/131 346/531/131 387/533/131
f 368/534/159 142/564/159 178/535/160
f 357/536/161 178/535/160 220/537/162
f 148/539/163 359/543/163 360/540/164
f 151/542/165 370/545/165 359/543/163
f 151/542/165 162/546/166 371/544/166
f 162/546/166 167/548/167 369/547/167
f 167/548/167 172/565/168 372/549/168
f 188/550/169 195/553/170 364/551/170
f 195/553/170 200/555/171 365/554/171
f 200/555/171 203/558/172 362/556/172
f 207/557/173 361/560/173 362/556/172
f 210/559/174 366/561/174 361/560/173
f 358/538/162 220/537/162 216/541/164
f 366/561/174 210/559/174 212/562/175
f 363/563/175 212/562/175 142/564/159
f 172/565/168 188/550/169 367/552/169
f 167/1870/131 162/1871/131 151/1872/131
f 151/1872/131 148/1873/131 216/1874/131
f 216/1874/131 220/1875/131 178/1876/131
f 178/1876/131 142/1877/131 188/567/131
f 142/1877/131 212/568/131 188/567/131
f 212/568/131 210/1878/131 207/1879/131
f 207/1879/131 203/1880/131 212/568/131
f 203/1880/131 200/566/131 212/568/131
f 200/566/131 195/1881/131 188/567/131
f 188/567/131 172/1882/131 178/1876/131
f 172/1882/131 167/1870/131 178/1876/131
f 167/1870/131 151/1872/131 216/1874/131
f 216/1874/131 178/1876/131 167/1870/131
f 145/569/176 377/573/176 378/570/15
f 145/569/176 147/574/178 375/572/177
f 147/574/178 154/577/180 380/575/179
f 160/576/165 385/579/165 380/575/179
f 160/576/165 165/580/166 386/578/166
f 165/580/166 168/583/167 384/581/167
f 171/582/181 387/585/181 384/581/167
f 171/582/181 174/1883/170 382/584/170
f 382/584/170 174/1883/170 179/586/171
f 185/588/172 381/590/172 383/587/171
f 191/589/173 379/1884/173 381/590/172
f 374/594/174 373/592/182 196/591/174
f 373/592/182 379/1884/173 191/589/173
f 196/591/174 199/595/175 376/593/175
f 141/571/15 378/570/15 376/593/175
f 160/1885/131 154/1886/131 147/1887/131
f 147/1887/131 145/1888/131 160/1885/131
f 145/1888/131 141/596/131 160/1885/131
f 141/596/131 199/1889/131 185/597/131
f 199/1889/131 196/1890/131 185/597/131
f 196/1890/131 191/1891/131 185/597/131
f 185/597/131 179/1892/131 174/1893/131
f 174/1893/131 171/1894/131 185/597/131
f 171/1894/131 168/598/131 185/597/131
f 168/598/131 165/1895/131 141/596/131
f 165/1895/131 160/1885/131 141/596/131
f 175/599/183 400/631/197 399/600/184
f 157/602/185 390/624/185 388/603/186
f 192/606/8 190/1896/8 163/1897/8
f 190/1896/8 186/1898/8 163/1897/8
f 163/1897/8 161/607/8 192/606/8
f 161/607/8 159/1899/8 187/1900/8
f 159/1899/8 157/1901/8 187/1900/8
f 157/1901/8 149/1902/8 187/1900/8
f 149/1902/8 155/1903/8 175/1904/8
f 187/1900/8 149/1902/8 175/1904/8
f 155/1903/8 153/1905/8 184/1906/8
f 153/1905/8 152/1907/8 184/1906/8
f 152/1907/8 177/1908/8 184/1906/8
f 184/1906/8 182/1909/8 155/1903/8
f 182/1909/8 180/1910/8 155/1903/8
f 180/1910/8 175/1904/8 155/1903/8
f 187/1900/8 194/605/8 161/607/8
f 177/608/181 152/611/188 393/609/188
f 152/611/188 153/613/189 394/612/189
f 153/613/189 155/615/190 389/614/190
f 155/615/190 149/604/187 388/603/186
f 395/616/191 163/1911/191 186/617/15
f 392/619/192 161/623/192 163/620/191
f 391/622/193 159/625/193 161/623/192
f 390/624/185 157/602/185 159/625/193
f 396/626/194 184/1912/194 177/608/181
f 182/627/195 184/1912/194 396/626/194
f 180/629/196 182/627/195 402/628/195
f 175/599/183 180/629/196 401/630/196
f 186/617/15 190/634/198 397/632/198
f 192/633/199 403/635/199 397/632/198
f 403/635/199 192/633/199 194/636/200
f 398/637/200 194/636/200 187/601/184
f 499/1913/15 238/350/57 412/1914/15
f 238/350/57 202/319/31 412/1914/15
f 202/319/31 413/1915/15 412/1914/15
f 498/1916/201 499/1913/15 409/1917/15
f 499/1913/15 412/1914/15 409/1917/15
f 501/1918/15 498/1916/201 408/1919/15
f 498/1916/201 409/1917/15 408/1919/15
f 503/1920/15 501/1918/15 406/1921/15
f 501/1918/15 408/1919/15 406/1921/15
f 502/1922/15 503/1920/15 406/1921/15
f 502/1922/15 406/1921/15 407/1923/15
f 500/640/15 502/1922/15 407/1923/15
f 410/638/15 411/1924/15 497/639/201
f 411/1924/15 496/1925/15 497/639/201
f 500/640/15 407/1923/15 410/638/15
f 413/303/20 140/304/21 137/298/19
f 496/1925/15 411/1924/15 484/1926/693
f 411/1924/15 482/1927/15 484/1926/693
f 493/1928/15 496/1925/15 484/1926/693
f 493/1928/15 484/1926/693 483/1929/15
f 492/1930/15 493/1928/15 483/1929/15
f 492/1930/15 483/1929/15 489/1931/15
f 491/1932/15 492/1930/15 488/1933/15
f 492/1930/15 489/1931/15 488/1933/15
f 490/1934/15 491/1932/15 488/1933/15
f 490/1934/15 488/1933/15 487/1935/15
f 494/1936/15 490/1934/15 486/1937/15
f 490/1934/15 487/1935/15 486/1937/15
f 238/350/57 499/1913/15 495/643/201
f 495/643/201 494/1936/15 485/642/15
f 494/1936/15 486/1937/15 485/642/15
f 482/1927/15 411/1924/15 267/422/121
f 267/422/121 465/1938/15 468/1939/15
f 482/1927/15 267/422/121 468/1939/15
f 479/1940/15 482/1927/15 468/1939/15
f 479/1940/15 468/1939/15 471/1941/15
f 477/1942/15 479/1940/15 474/1943/15
f 479/1940/15 471/1941/15 474/1943/15
f 475/1944/15 477/1942/15 474/1943/15
f 475/1944/15 474/1943/15 476/1945/15
f 478/1946/15 475/1944/15 476/1945/15
f 478/1946/15 476/1945/15 473/1947/15
f 481/1948/15 478/1946/15 473/1947/15
f 481/1948/15 473/1947/15 472/1949/15
f 238/350/57 485/642/15 480/645/15
f 480/645/15 481/1948/15 470/644/15
f 481/1948/15 472/1949/15 470/644/15
f 467/1950/15 465/1938/15 453/1951/15
f 465/1938/15 267/422/121 453/1951/15
f 267/422/121 454/1952/15 453/1951/15
f 463/1953/15 467/1950/15 458/1954/15
f 467/1950/15 453/1951/15 458/1954/15
f 462/1955/15 463/1953/15 459/1956/15
f 463/1953/15 458/1954/15 459/1956/15
f 464/1957/15 462/1955/15 461/1958/15
f 462/1955/15 459/1956/15 461/1958/15
f 466/1959/15 464/1957/15 460/1960/15
f 464/1957/15 461/1958/15 460/1960/15
f 238/350/57 470/644/15 469/647/15
f 469/647/15 466/1959/15 457/1961/15
f 466/1959/15 460/1960/15 457/1961/15
f 457/1961/15 456/646/15 469/647/15
f 445/1962/15 441/1963/15 450/1964/15
f 441/1963/15 238/350/57 455/1965/15
f 450/1964/15 441/1963/15 455/1965/15
f 238/350/57 456/646/15 455/1965/15
f 445/1962/15 450/1964/15 446/1966/15
f 450/1964/15 451/1967/15 446/1966/15
f 446/1966/15 451/1967/15 447/1968/15
f 448/1969/15 446/1966/15 447/1968/15
f 448/1969/15 447/1968/15 444/1970/15
f 447/1968/15 449/1971/15 444/1970/15
f 452/650/15 454/1952/15 442/648/15
f 454/1952/15 267/422/121 442/648/15
f 444/1970/15 449/1971/15 452/650/15
f 443/649/15 444/1970/15 452/650/15
f 267/422/121 440/1972/15 442/648/15
f 437/1973/15 440/1972/15 428/1974/15
f 440/1972/15 267/422/121 428/1974/15
f 267/422/121 425/1975/15 428/1974/15
f 428/1974/15 427/1976/15 437/1973/15
f 436/1977/15 437/1973/15 427/1976/15
f 434/1978/15 436/1977/15 433/1979/15
f 433/1979/15 436/1977/15 427/1976/15
f 435/1980/15 434/1978/15 431/1981/15
f 434/1978/15 433/1979/15 431/1981/15
f 438/1982/15 435/1980/15 432/1983/15
f 435/1980/15 431/1981/15 432/1983/15
f 238/350/57 441/1963/15 439/652/15
f 439/652/15 438/1982/15 430/1984/15
f 438/1982/15 432/1983/15 430/1984/15
f 430/1984/15 429/651/15 439/652/15
f 423/1985/15 425/1975/15 267/422/121
f 238/350/57 429/651/15 426/1986/15
f 238/350/57 426/1986/15 422/1987/15
f 424/1988/15 423/1985/15 267/422/121
f 421/654/15 424/1988/15 267/422/121
f 238/350/57 422/1987/15 420/653/15
f 421/654/15 267/422/121 238/350/57
f 252/338/45 522/1989/15 525/1990/15
f 252/338/45 525/1990/15 537/1765/15
f 525/1990/15 528/1991/15 537/1765/15
f 537/1765/15 528/1991/15 536/1992/15
f 528/1991/15 530/1993/15 536/1992/15
f 536/1992/15 530/1993/15 534/1994/15
f 530/1993/15 531/1995/15 534/1994/15
f 534/1994/15 531/1995/15 532/1996/15
f 531/1995/15 529/1997/15 532/1996/15
f 532/1996/15 529/1997/15 533/1998/15
f 529/1997/15 527/655/15 533/1998/15
f 526/656/15 541/1764/15 538/1999/721
f 535/657/15 533/1998/15 527/655/15
f 526/656/15 538/1999/721 535/657/15
f 252/338/45 511/2000/15 512/2001/15
f 252/338/45 512/2001/15 522/1989/15
f 512/2001/15 514/2002/15 522/1989/15
f 522/1989/15 514/2002/15 523/2003/15
f 514/2002/15 515/2004/15 523/2003/15
f 523/2003/15 515/2004/15 518/2005/15
f 515/2004/15 517/2006/15 518/2005/15
f 518/2005/15 517/2006/15 519/2007/15
f 517/2006/15 516/2008/15 519/2007/15
f 519/2007/15 516/2008/15 520/2009/15
f 516/2008/15 513/2010/15 520/2009/15
f 510/660/15 413/1915/15 202/319/31
f 520/2009/15 513/2010/15 521/659/15
f 513/2010/15 510/660/15 521/659/15
f 510/660/15 202/319/31 524/658/15
f 202/319/31 526/656/15 524/658/15
f 511/2000/15 252/338/45 414/2011/15
f 252/338/45 267/422/121 411/1924/15
f 414/2011/15 252/338/45 411/1924/15
f 508/2012/15 511/2000/15 416/2013/15
f 511/2000/15 414/2011/15 416/2013/15
f 506/2014/15 508/2012/15 417/2015/15
f 508/2012/15 416/2013/15 417/2015/15
f 504/2016/15 506/2014/15 419/2017/15
f 506/2014/15 417/2015/15 419/2017/15
f 505/2018/15 504/2016/15 419/2017/15
f 505/2018/15 419/2017/15 418/2019/15
f 507/663/15 505/2018/15 418/2019/15
f 415/661/15 413/1915/15 509/662/203
f 413/1915/15 510/660/15 509/662/203
f 507/663/15 418/2019/15 415/661/15
f 564/2020/722 1349/2021/723 1358/2022/724
f 564/2020/722 1358/2022/724 1356/2023/724
f 557/2024/204 558/2025/725 592/2026/726
f 558/2025/725 564/2020/722 1356/2023/724
f 1354/2027/724 558/2025/725 1356/2023/724
f 560/2028/204 559/2029/724 557/2024/204
f 592/2026/726 587/2030/204 557/2024/204
f 587/2030/204 560/2028/204 557/2024/204
f 563/2031/204 615/666/204 561/2032/725
f 615/666/204 592/2026/726 1357/664/204
f 1355/2033/725 558/2025/725 1353/2034/724
f 562/2035/204 607/2036/204 563/2031/204
f 561/2032/725 600/2037/204 563/2031/204
f 600/2037/204 562/2035/204 563/2031/204
f 569/2038/204 644/2039/204 662/2040/727
f 644/2039/204 561/2032/725 1352/665/205
f 662/2040/727 644/2039/204 1352/665/205
f 570/2041/204 649/2042/204 569/2038/204
f 662/2040/727 657/2043/204 569/2038/204
f 657/2043/204 570/2041/204 569/2038/204
f 567/2044/728 568/2045/729 1346/2046/204
f 568/2045/729 662/2040/727 1351/2047/725
f 1346/2046/204 1344/2048/727 567/2044/728
f 1347/2049/724 1346/2046/204 568/2045/729
f 568/2045/729 1351/2047/725 1350/2050/204
f 1351/2047/725 662/2040/727 1352/665/205
f 558/2025/725 1355/2033/725 592/2026/726
f 1353/2034/724 558/2025/725 1354/2027/724
f 561/2032/725 615/666/204 1352/665/205
f 1350/2050/204 1347/2049/724 568/2045/729
f 592/2026/726 1355/2033/725 1357/664/204
f 629/2051/206 567/2044/728 1344/2048/727
f 629/2051/206 1344/2048/727 566/2052/206
f 1344/2048/727 1343/2053/206 566/2052/206
f 565/669/206 566/2052/206 1345/667/206
f 1349/2021/723 564/2020/722 1348/668/206
f 564/2020/722 565/669/206 1348/668/206
f 566/2052/206 1343/2053/206 1345/667/206
f 557/670/207 573/673/210 575/671/208
f 573/673/210 572/675/212 576/674/211
f 572/675/212 571/677/214 577/676/213
f 571/677/214 552/2054/730 574/678/215
f 559/679/216 581/681/218 573/673/210
f 580/680/217 572/675/212 573/673/210
f 579/682/219 571/677/214 572/675/212
f 578/683/220 552/2054/730 571/677/214
f 560/684/221 585/686/223 581/681/218
f 584/685/222 580/680/217 581/681/218
f 584/685/222 583/688/225 579/682/219
f 582/687/224 578/683/220 579/682/219
f 587/689/226 590/690/227 585/686/223
f 590/690/227 589/692/229 584/685/222
f 588/691/228 583/688/225 584/685/222
f 588/691/228 586/2055/731 582/687/224
f 595/693/230 590/690/227 587/689/226
f 594/695/232 589/692/229 590/690/227
f 593/696/233 588/691/228 589/692/229
f 591/697/234 586/2055/731 588/691/228
f 599/698/235 601/702/239 600/699/236
f 598/701/238 602/704/241 601/702/239
f 597/703/240 603/706/243 602/704/241
f 596/705/242 556/710/247 603/706/243
f 600/699/236 601/702/239 604/707/244
f 602/704/241 605/709/246 604/707/244
f 603/706/243 606/711/248 605/709/246
f 556/710/247 555/2056/732 606/711/248
f 604/707/244 609/713/250 607/712/249
f 605/709/246 610/714/251 609/713/250
f 606/711/248 611/716/253 610/714/251
f 606/711/248 555/2056/732 608/715/252
f 607/712/249 609/713/250 612/717/254
f 610/714/251 613/719/256 612/717/254
f 611/716/253 614/720/257 613/719/256
f 608/715/252 554/2057/733 614/720/257
f 612/717/254 616/723/260 615/721/258
f 612/717/254 613/719/256 617/722/259
f 613/719/256 614/720/257 618/724/261
f 614/720/257 554/2057/733 553/725/262
f 622/726/263 623/730/267 565/727/264
f 621/729/266 624/732/269 623/730/267
f 620/731/268 625/734/271 624/732/269
f 619/733/270 548/2058/734 625/734/271
f 565/727/264 623/730/267 626/735/272
f 623/730/267 624/732/269 627/737/274
f 625/734/271 628/739/276 627/737/274
f 625/734/271 548/2058/734 547/738/275
f 626/735/272 631/742/279 629/740/277
f 626/735/272 627/737/274 632/741/278
f 628/739/276 633/744/281 632/741/278
f 628/739/276 547/738/275 630/743/280
f 629/740/277 631/742/279 634/745/282
f 631/742/279 632/741/278 635/747/284
f 633/744/281 636/748/285 635/747/284
f 630/743/280 546/2059/735 636/748/285
f 567/746/283 634/745/282 638/749/286
f 634/745/282 635/747/284 639/751/288
f 635/747/284 636/748/285 640/752/289
f 636/748/285 546/2059/735 637/753/290
f 643/754/291 645/758/295 644/755/292
f 643/754/291 642/759/296 646/757/294
f 642/759/296 641/761/298 647/760/297
f 641/761/298 550/2060/736 549/762/299
f 649/763/300 652/764/301 643/754/291
f 652/764/301 651/766/303 642/759/296
f 650/765/302 641/761/298 642/759/296
f 648/767/304 550/2060/736 641/761/298
f 655/768/305 652/764/301 649/763/300
f 655/768/305 654/770/307 651/766/303
f 654/770/307 653/771/308 650/765/302
f 653/771/308 551/2061/737 648/767/304
f 657/772/309 660/774/311 655/768/305
f 659/773/310 654/770/307 655/768/305
f 659/773/310 658/776/313 653/771/308
f 656/775/312 551/2061/737 653/771/308
f 665/777/314 660/774/311 657/772/309
f 664/779/316 659/773/310 660/774/311
f 663/780/317 658/776/313 659/773/310
f 661/781/318 656/775/312 658/776/313
f 575/671/208 622/726/263 564/728/265
f 575/671/208 576/674/211 621/729/266
f 577/676/213 620/731/268 621/729/266
f 577/676/213 574/678/215 619/733/270
f 638/749/286 665/777/314 662/778/315
f 638/749/286 639/751/288 664/779/316
f 640/752/289 663/780/317 664/779/316
f 640/752/289 637/753/290 661/781/318
f 644/755/292 645/758/295 599/698/235
f 646/757/294 598/701/238 599/698/235
f 646/757/294 647/760/297 597/703/240
f 647/760/297 549/762/299 596/705/242
f 616/723/260 595/693/230 592/694/231
f 617/722/259 594/695/232 595/693/230
f 617/722/259 618/724/261 593/696/233
f 618/724/261 553/725/262 591/697/234
f 668/782/319 777/830/346 781/783/320
f 671/785/77 780/789/323 776/786/322
f 673/788/77 782/791/325 780/789/323
f 673/788/77 675/792/77 784/790/324
f 675/792/77 677/795/77 786/793/326
f 679/794/77 788/797/327 786/793/326
f 681/796/77 790/799/328 788/797/327
f 683/798/77 792/801/329 790/799/328
f 685/800/77 794/803/330 792/801/329
f 687/802/77 796/805/331 794/803/330
f 689/804/77 798/807/333 796/805/331
f 689/804/77 691/808/77 800/806/332
f 691/808/77 693/810/77 802/809/334
f 693/810/77 695/813/77 804/811/335
f 697/812/77 806/815/337 804/811/335
f 697/812/77 699/816/77 808/814/336
f 699/816/77 701/819/77 810/817/338
f 703/818/77 812/821/339 810/817/338
f 705/820/77 814/823/341 812/821/339
f 705/820/77 707/825/77 816/822/340
f 687/802/342 720/891/342 721/824/343
f 707/825/77 709/827/77 818/826/344
f 709/827/77 667/882/77 779/828/345
f 666/829/181 778/832/348 777/830/346
f 708/831/347 819/867/382 778/832/348
f 672/833/349 783/868/383 785/834/350
f 674/835/351 785/834/350 787/836/352
f 787/836/352 789/839/355 678/838/354
f 789/839/355 791/841/357 680/840/356
f 791/841/357 793/843/359 682/842/358
f 793/843/359 795/845/361 684/844/360
f 795/845/361 797/847/363 686/846/362
f 797/847/363 799/849/364 688/848/15
f 799/849/364 801/851/366 690/850/365
f 801/851/366 803/853/368 692/852/367
f 803/853/368 805/855/370 694/854/369
f 805/855/370 807/857/372 696/856/371
f 807/857/372 809/859/374 698/858/373
f 809/859/374 811/957/472 700/860/375
f 700/860/375 811/957/472 813/861/376
f 702/862/377 813/861/376 815/863/378
f 704/864/379 815/863/378 817/865/380
f 706/866/381 817/865/380 819/867/382
f 670/784/321 781/783/320 783/868/383
f 715/869/384 714/934/449 741/870/385
f 673/788/387 713/892/387 714/872/388
f 703/818/389 728/893/389 729/873/390
f 689/804/343 721/824/343 722/874/391
f 675/792/388 714/872/388 715/875/392
f 705/820/390 729/873/390 730/876/393
f 691/808/391 722/874/391 723/877/394
f 679/794/395 677/795/392 715/875/392
f 707/825/393 730/876/393 731/879/397
f 693/810/394 723/877/394 724/880/398
f 681/796/399 679/794/395 716/878/396
f 667/882/400 709/827/397 731/879/397
f 697/812/401 695/813/398 724/880/398
f 681/796/399 717/881/399 718/885/402
f 669/787/403 667/882/400 711/883/400
f 697/812/401 725/884/401 726/887/404
f 685/800/406 683/798/402 718/885/402
f 671/785/407 669/787/403 710/886/403
f 699/816/405 726/887/404 727/890/408
f 687/802/342 685/800/406 719/888/406
f 673/788/387 671/785/407 712/889/407
f 701/819/408 727/890/408 728/893/389
f 710/894/409 733/937/452 737/895/410
f 729/897/412 771/935/450 773/898/413
f 723/900/415 722/936/451 757/901/416
f 715/869/384 743/871/386 745/903/418
f 730/899/414 773/898/413 775/905/420
f 724/907/422 723/900/415 759/902/417
f 716/904/419 745/903/418 747/909/424
f 724/907/422 761/908/423 763/911/426
f 717/910/425 747/909/424 749/913/428
f 713/915/430 712/896/411 737/895/410
f 725/912/427 763/911/426 765/917/432
f 718/914/429 749/913/428 751/919/434
f 762/952/467 760/951/466 758/950/465
f 758/950/465 756/949/464 762/952/467
f 756/949/464 754/948/463 762/952/467
f 754/948/463 752/947/462 746/944/459
f 752/947/462 750/946/461 746/944/459
f 750/946/461 748/945/460 746/944/459
f 746/944/459 744/943/458 742/942/457
f 742/942/457 740/941/456 746/944/459
f 740/941/456 738/921/436 746/944/459
f 738/921/436 736/940/455 774/922/437
f 736/940/455 732/939/454 774/922/437
f 732/939/454 735/938/453 774/922/437
f 774/922/437 772/956/471 770/955/470
f 770/955/470 768/954/469 774/922/437
f 768/954/469 766/923/438 774/922/437
f 766/923/438 764/953/468 762/952/467
f 766/923/438 762/952/467 738/921/436
f 762/952/467 754/948/463 738/921/436
f 754/948/463 746/944/459 738/921/436
f 726/918/433 765/917/432 767/924/439
f 720/926/441 719/920/435 751/919/434
f 731/906/421 775/905/420 734/928/443
f 728/930/445 727/925/440 767/924/439
f 721/932/447 720/926/441 753/927/442
f 714/934/449 713/915/430 739/916/431
f 729/897/412 728/930/445 769/931/446
f 722/936/451 721/932/447 755/933/448
f 733/937/452 734/928/443 735/938/453
f 737/895/410 733/937/452 732/939/454
f 737/895/410 736/940/455 738/921/436
f 739/916/431 738/921/436 740/941/456
f 741/870/385 740/941/456 742/942/457
f 743/871/386 742/942/457 744/943/458
f 747/909/424 745/903/418 744/943/458
f 749/913/428 747/909/424 746/944/459
f 751/919/434 749/913/428 748/945/460
f 751/919/434 750/946/461 752/947/462
f 753/927/442 752/947/462 754/948/463
f 757/901/416 755/933/448 754/948/463
f 757/901/416 756/949/464 758/950/465
f 759/902/417 758/950/465 760/951/466
f 761/908/423 760/951/466 762/952/467
f 765/917/432 763/911/426 762/952/467
f 767/924/439 765/917/432 764/953/468
f 769/931/446 767/924/439 766/923/438
f 771/935/450 769/931/446 768/954/469
f 773/898/413 771/935/450 770/955/470
f 773/898/413 772/956/471 774/922/437
f 775/905/420 774/922/437 735/938/453
f 711/929/444 734/928/443 733/937/452
f 777/830/346 778/832/348 779/828/345
f 781/783/320 777/830/346 776/786/322
f 783/868/383 781/783/320 780/789/323
f 785/834/350 783/868/383 782/791/325
f 785/834/350 784/790/324 786/793/326
f 787/836/352 786/793/326 788/797/327
f 789/839/355 788/797/327 790/799/328
f 791/841/357 790/799/328 792/801/329
f 795/845/361 793/843/359 792/801/329
f 795/845/361 794/803/330 796/805/331
f 797/847/363 796/805/331 798/807/333
f 799/849/364 798/807/333 800/806/332
f 801/851/366 800/806/332 802/809/334
f 803/853/368 802/809/334 804/811/335
f 807/857/372 805/855/370 804/811/335
f 809/859/374 807/857/372 806/815/337
f 809/859/374 808/814/336 810/817/338
f 813/861/376 811/957/472 810/817/338
f 813/861/376 812/821/339 814/823/341
f 815/863/378 814/823/341 816/822/340
f 817/865/380 816/822/340 818/826/344
f 819/867/382 818/826/344 779/828/345
f 669/787/77 776/786/322 779/828/345
f 822/958/319 931/1006/482 935/959/473
f 825/961/77 934/965/476 930/962/474
f 825/961/77 827/967/77 936/964/475
f 829/966/77 938/969/477 936/964/475
f 831/968/77 940/971/326 938/969/477
f 831/968/77 833/972/77 942/970/327
f 833/972/77 835/975/77 944/973/328
f 837/974/77 946/977/329 944/973/328
f 839/976/77 948/979/330 946/977/329
f 839/976/77 841/980/77 950/978/331
f 841/980/77 843/983/77 952/981/333
f 845/982/77 954/985/478 952/981/333
f 847/984/77 956/987/334 954/985/478
f 847/984/77 849/988/77 958/986/335
f 849/988/77 851/991/77 960/989/479
f 853/990/77 962/993/336 960/989/479
f 855/992/77 964/995/338 962/993/336
f 855/992/77 857/996/77 966/994/339
f 857/996/77 859/999/77 968/997/341
f 861/998/77 970/1002/481 968/997/341
f 841/980/342 874/1065/342 875/1000/343
f 861/998/77 863/1004/77 972/1001/480
f 821/1003/77 933/1130/345 972/1001/480
f 820/1005/181 932/1008/348 931/1006/482
f 862/1007/347 973/1042/382 932/1008/348
f 937/1009/483 939/1012/485 828/1010/351
f 939/1012/485 941/1014/352 830/1013/353
f 941/1014/352 943/1131/517 832/1015/354
f 832/1015/354 943/1131/517 945/1016/486
f 834/1017/356 945/1016/486 947/1018/359
f 947/1018/359 949/1021/361 838/1020/360
f 949/1021/361 951/1023/363 840/1022/362
f 951/1023/363 953/1025/364 842/1024/15
f 953/1025/364 955/1132/518 844/1026/365
f 844/1026/365 955/1132/518 957/1027/368
f 846/1028/367 957/1027/368 959/1029/487
f 959/1029/487 961/1032/372 850/1031/371
f 961/1032/372 963/1034/374 852/1033/373
f 963/1034/374 965/1133/472 854/1035/375
f 854/1035/375 965/1133/472 967/1036/488
f 856/1037/377 967/1036/488 969/1038/489
f 858/1039/490 969/1038/489 971/1040/491
f 860/1041/381 971/1040/491 973/1042/382
f 935/959/473 937/1009/483 826/1011/484
f 869/1043/384 868/1107/449 895/1044/385
f 827/967/387 867/1066/387 868/1046/388
f 859/999/390 857/996/389 882/1047/389
f 843/983/343 875/1000/343 876/1049/391
f 829/966/388 868/1046/388 869/1050/392
f 859/999/390 883/1048/390 884/1051/393
f 845/982/391 876/1049/391 877/1052/394
f 831/968/492 869/1050/392 870/1053/396
f 863/1004/397 861/998/393 884/1051/393
f 847/984/394 877/1052/394 878/1055/398
f 835/975/399 833/972/396 870/1053/396
f 821/1003/400 863/1004/397 885/1054/397
f 849/988/398 878/1055/398 879/1058/401
f 837/974/402 835/975/399 871/1056/399
f 821/1003/400 865/1057/400 864/1060/403
f 851/991/401 879/1058/401 880/1061/404
f 839/976/406 837/974/402 872/1059/402
f 823/963/403 864/1060/403 866/1063/407
f 853/990/405 880/1061/404 881/1064/408
f 839/976/406 873/1062/406 874/1065/342
f 827/967/387 825/961/407 866/1063/407
f 857/996/389 855/992/493 881/1064/408
f 866/1067/411 864/1129/409 887/1068/452
f 883/1070/412 925/1108/450 927/1071/494
f 876/1073/451 911/1109/504 913/1074/417
f 870/1076/419 869/1043/384 897/1045/386
f 884/1072/414 927/1071/494 929/1078/496
f 877/1075/415 913/1074/417 915/1080/423
f 870/1076/419 899/1077/495 901/1082/497
f 879/1084/427 878/1081/422 915/1080/423
f 871/1083/425 901/1082/497 903/1086/428
f 867/1088/430 866/1067/411 891/1069/410
f 880/1090/433 879/1084/427 917/1085/498
f 872/1087/429 903/1086/428 905/1092/434
f 900/1115/459 898/1114/506 896/1113/457
f 896/1113/457 894/1112/456 900/1115/459
f 894/1112/456 892/1096/501 900/1115/459
f 892/1096/501 890/1111/455 886/1110/505
f 886/1110/505 889/1128/516 892/1096/501
f 889/1128/516 928/1127/515 892/1096/501
f 928/1127/515 926/1126/471 924/1125/470
f 924/1125/470 922/1124/514 920/1123/513
f 920/1123/513 918/1122/512 916/1121/467
f 916/1121/467 914/1120/511 912/1094/465
f 912/1094/465 910/1119/510 908/1118/509
f 908/1118/509 906/1117/508 904/1095/500
f 904/1095/500 902/1116/507 900/1115/459
f 928/1127/515 924/1125/470 892/1096/501
f 924/1125/470 920/1123/513 892/1096/501
f 920/1123/513 916/1121/467 912/1094/465
f 912/1094/465 908/1118/509 904/1095/500
f 904/1095/500 900/1115/459 892/1096/501
f 920/1123/513 912/1094/465 892/1096/501
f 881/1097/440 880/1090/433 919/1091/432
f 873/1093/435 905/1092/434 907/1099/502
f 885/1079/421 929/1078/496 888/1101/503
f 881/1097/440 921/1098/439 923/1103/446
f 875/1105/447 874/1100/441 907/1099/502
f 868/1107/449 867/1088/430 893/1089/499
f 882/1104/445 923/1103/446 925/1108/450
f 876/1073/451 875/1105/447 909/1106/448
f 888/1101/503 889/1128/516 886/1110/505
f 887/1068/452 886/1110/505 890/1111/455
f 891/1069/410 890/1111/455 892/1096/501
f 893/1089/499 892/1096/501 894/1112/456
f 895/1044/385 894/1112/456 896/1113/457
f 897/1045/386 896/1113/457 898/1114/506
f 901/1082/497 899/1077/495 898/1114/506
f 903/1086/428 901/1082/497 900/1115/459
f 903/1086/428 902/1116/507 904/1095/500
f 905/1092/434 904/1095/500 906/1117/508
f 909/1106/448 907/1099/502 906/1117/508
f 909/1106/448 908/1118/509 910/1119/510
f 913/1074/417 911/1109/504 910/1119/510
f 915/1080/423 913/1074/417 912/1094/465
f 917/1085/498 915/1080/423 914/1120/511
f 917/1085/498 916/1121/467 918/1122/512
f 919/1091/432 918/1122/512 920/1123/513
f 923/1103/446 921/1098/439 920/1123/513
f 925/1108/450 923/1103/446 922/1124/514
f 927/1071/494 925/1108/450 924/1125/470
f 929/1078/496 927/1071/494 926/1126/471
f 888/1101/503 929/1078/496 928/1127/515
f 865/1102/444 888/1101/503 887/1068/452
f 931/1006/482 932/1008/348 933/1130/345
f 935/959/473 931/1006/482 930/962/474
f 935/959/473 934/965/476 936/964/475
f 939/1012/485 937/1009/483 936/964/475
f 941/1014/352 939/1012/485 938/969/477
f 941/1014/352 940/971/326 942/970/327
f 943/1131/517 942/970/327 944/973/328
f 945/1016/486 944/973/328 946/977/329
f 949/1021/361 947/1018/359 946/977/329
f 949/1021/361 948/979/330 950/978/331
f 951/1023/363 950/978/331 952/981/333
f 955/1132/518 953/1025/364 952/981/333
f 957/1027/368 955/1132/518 954/985/478
f 959/1029/487 957/1027/368 956/987/334
f 961/1032/372 959/1029/487 958/986/335
f 963/1034/374 961/1032/372 960/989/479
f 963/1034/374 962/993/336 964/995/338
f 965/1133/472 964/995/338 966/994/339
f 967/1036/488 966/994/339 968/997/341
f 971/1040/491 969/1038/489 968/997/341
f 973/1042/382 971/1040/491 970/1002/481
f 973/1042/382 972/1001/480 933/1130/345
f 823/963/77 930/962/474 933/1130/345
f 976/1134/319 1085/1183/520 1089/1135/473
f 977/1137/77 979/1140/77 1088/1138/476
f 979/1140/77 981/1142/77 1090/1141/475
f 981/1142/77 983/1145/77 1092/1143/324
f 985/1144/77 1094/1147/326 1092/1143/324
f 987/1146/77 1096/1149/327 1094/1147/326
f 987/1146/77 989/1150/77 1098/1148/328
f 989/1150/77 991/1153/77 1100/1151/329
f 993/1152/77 1102/1155/330 1100/1151/329
f 995/1154/77 1104/1157/519 1102/1155/330
f 997/1156/77 1106/1159/333 1104/1157/519
f 997/1156/77 999/1160/77 1108/1158/478
f 999/1160/77 1001/1162/77 1110/1161/334
f 1001/1162/77 1003/1165/77 1112/1163/335
f 1005/1164/77 1114/1167/337 1112/1163/335
f 1007/1166/77 1116/1169/336 1114/1167/337
f 1009/1168/77 1118/1171/338 1116/1169/336
f 1011/1170/77 1120/1173/339 1118/1171/338
f 1013/1172/77 1122/1175/341 1120/1173/339
f 1015/1174/77 1124/1179/481 1122/1175/341
f 997/1156/343 995/1154/342 1028/1176/342
f 1017/1178/77 1126/1181/480 1124/1179/481
f 975/1180/77 1087/1306/345 1126/1181/480
f 974/1182/181 1086/1185/348 1085/1183/520
f 1016/1184/347 1127/1219/382 1086/1185/348
f 1091/1186/483 1093/1189/485 982/1187/351
f 1093/1189/485 1095/1191/352 984/1190/353
f 1095/1191/352 1097/1307/517 986/1192/354
f 986/1192/354 1097/1307/517 1099/1193/357
f 1099/1193/357 1101/1196/359 990/1195/358
f 1101/1196/359 1103/1198/521 992/1197/360
f 1103/1198/521 1105/1200/363 994/1199/362
f 1105/1200/363 1107/1202/364 996/1201/15
f 1107/1202/364 1109/1204/522 998/1203/365
f 1109/1204/522 1111/1308/368 1000/1205/367
f 1000/1205/367 1111/1308/368 1113/1206/487
f 1002/1207/369 1113/1206/487 1115/1208/372
f 1004/1209/371 1115/1208/372 1117/1210/374
f 1117/1210/374 1119/1213/472 1008/1212/375
f 1119/1213/472 1121/1215/376 1010/1214/377
f 1121/1215/376 1123/1309/543 1012/1216/379
f 1012/1216/379 1123/1309/543 1125/1217/491
f 1014/1218/381 1125/1217/491 1127/1219/382
f 1089/1135/473 1091/1186/483 980/1188/349
f 1023/1220/384 1022/1283/449 1049/1221/385
f 981/1142/387 1021/1242/387 1022/1223/388
f 1013/1172/390 1011/1170/389 1036/1224/389
f 997/1156/343 1029/1177/343 1030/1226/391
f 983/1145/388 1022/1223/388 1023/1227/392
f 1015/1174/393 1013/1172/390 1037/1225/390
f 999/1160/391 1030/1226/391 1031/1229/394
f 985/1144/392 1023/1227/392 1024/1230/396
f 1017/1178/397 1015/1174/393 1038/1228/393
f 1001/1162/394 1031/1229/394 1032/1232/398
f 987/1146/396 1024/1230/396 1025/1233/399
f 975/1180/400 1017/1178/397 1039/1231/397
f 1005/1164/401 1003/1165/398 1032/1232/398
f 991/1153/402 989/1150/399 1025/1233/399
f 975/1180/400 1019/1234/400 1018/1237/403
f 1005/1164/401 1033/1235/401 1034/1238/404
f 993/1152/406 991/1153/402 1026/1236/402
f 977/1137/403 1018/1237/403 1020/1240/407
f 1007/1166/404 1034/1238/404 1035/1241/408
f 995/1154/342 993/1152/406 1027/1239/406
f 979/1140/407 1020/1240/407 1021/1242/387
f 1011/1170/389 1009/1168/408 1035/1241/408
f 1020/1243/411 1018/1305/409 1041/1244/523
f 1037/1246/412 1079/1284/450 1081/1247/413
f 1031/1249/415 1030/1285/451 1065/1250/504
f 1024/1252/419 1023/1220/384 1051/1222/386
f 1038/1248/414 1081/1247/413 1083/1254/496
f 1032/1256/422 1031/1249/415 1067/1251/417
f 1025/1258/425 1024/1252/419 1053/1253/495
f 1033/1260/427 1032/1256/422 1069/1257/524
f 1025/1258/425 1055/1259/497 1057/1262/526
f 1021/1264/430 1020/1243/411 1045/1245/410
f 1034/1266/433 1033/1260/427 1071/1261/525
f 1026/1263/429 1057/1262/526 1059/1268/527
f 1078/1302/540 1076/1301/514 1070/1272/528
f 1076/1301/514 1074/1300/513 1070/1272/528
f 1074/1300/513 1072/1299/539 1070/1272/528
f 1070/1272/528 1068/1298/538 1066/1297/465
f 1066/1297/465 1064/1296/537 1062/1295/536
f 1062/1295/536 1060/1294/535 1058/1293/500
f 1058/1293/500 1056/1292/534 1054/1291/459
f 1054/1291/459 1052/1290/533 1050/1289/532
f 1050/1289/532 1048/1288/456 1054/1291/459
f 1048/1288/456 1046/1270/436 1054/1291/459
f 1046/1270/436 1044/1287/455 1082/1271/437
f 1044/1287/455 1040/1286/531 1082/1271/437
f 1040/1286/531 1043/1304/542 1082/1271/437
f 1082/1271/437 1080/1303/541 1078/1302/540
f 1070/1272/528 1066/1297/465 1062/1295/536
f 1062/1295/536 1058/1293/500 1070/1272/528
f 1058/1293/500 1054/1291/459 1070/1272/528
f 1082/1271/437 1078/1302/540 1070/1272/528
f 1054/1291/459 1046/1270/436 1070/1272/528
f 1034/1266/433 1073/1267/432 1075/1273/529
f 1027/1269/435 1059/1268/527 1061/1275/442
f 1039/1255/421 1083/1254/496 1042/1277/503
f 1035/1274/440 1075/1273/529 1077/1279/446
f 1028/1276/441 1061/1275/442 1063/1281/530
f 1021/1264/430 1047/1265/431 1049/1221/385
f 1037/1246/412 1036/1280/445 1077/1279/446
f 1030/1285/451 1029/1282/447 1063/1281/530
f 1042/1277/503 1043/1304/542 1040/1286/531
f 1041/1244/523 1040/1286/531 1044/1287/455
f 1045/1245/410 1044/1287/455 1046/1270/436
f 1049/1221/385 1047/1265/431 1046/1270/436
f 1051/1222/386 1049/1221/385 1048/1288/456
f 1051/1222/386 1050/1289/532 1052/1290/533
f 1053/1253/495 1052/1290/533 1054/1291/459
f 1055/1259/497 1054/1291/459 1056/1292/534
f 1057/1262/526 1056/1292/534 1058/1293/500
f 1061/1275/442 1059/1268/527 1058/1293/500
f 1061/1275/442 1060/1294/535 1062/1295/536
f 1063/1281/530 1062/1295/536 1064/1296/537
f 1065/1250/504 1064/1296/537 1066/1297/465
f 1067/1251/417 1066/1297/465 1068/1298/538
f 1071/1261/525 1069/1257/524 1068/1298/538
f 1073/1267/432 1071/1261/525 1070/1272/528
f 1075/1273/529 1073/1267/432 1072/1299/539
f 1075/1273/529 1074/1300/513 1076/1301/514
f 1077/1279/446 1076/1301/514 1078/1302/540
f 1081/1247/413 1079/1284/450 1078/1302/540
f 1083/1254/496 1081/1247/413 1080/1303/541
f 1042/1277/503 1083/1254/496 1082/1271/437
f 1018/1305/409 1019/1278/444 1042/1277/503
f 1085/1183/520 1086/1185/348 1087/1306/345
f 1085/1183/520 1084/1139/474 1088/1138/476
f 1091/1186/483 1089/1135/473 1088/1138/476
f 1093/1189/485 1091/1186/483 1090/1141/475
f 1095/1191/352 1093/1189/485 1092/1143/324
f 1095/1191/352 1094/1147/326 1096/1149/327
f 1097/1307/517 1096/1149/327 1098/1148/328
f 1099/1193/357 1098/1148/328 1100/1151/329
f 1103/1198/521 1101/1196/359 1100/1151/329
f 1105/1200/363 1103/1198/521 1102/1155/330
f 1107/1202/364 1105/1200/363 1104/1157/519
f 1109/1204/522 1107/1202/364 1106/1159/333
f 1109/1204/522 1108/1158/478 1110/1161/334
f 1111/1308/368 1110/1161/334 1112/1163/335
f 1115/1208/372 1113/1206/487 1112/1163/335
f 1117/1210/374 1115/1208/372 1114/1167/337
f 1117/1210/374 1116/1169/336 1118/1171/338
f 1121/1215/376 1119/1213/472 1118/1171/338
f 1121/1215/376 1120/1173/339 1122/1175/341
f 1123/1309/543 1122/1175/341 1124/1179/481
f 1127/1219/382 1125/1217/491 1124/1179/481
f 1127/1219/382 1126/1181/480 1087/1306/345
f 975/1180/77 977/1137/77 1084/1139/474
f 1142/1310/133 1141/1342/568 1171/1311/544
f 1130/1313/147 1129/1357/583 1145/1314/546
f 1134/1316/58 1157/1343/569 1159/1317/548
f 1142/1310/133 1173/1312/545 1175/1319/550
f 1135/1318/549 1159/1317/548 1161/1321/552
f 1136/1322/15 1161/1321/552 1163/1323/553
f 1154/1327/557 1152/1348/574 1150/1347/573
f 1150/1347/573 1148/1346/572 1144/1345/571
f 1144/1345/571 1147/1344/570 1174/1356/582
f 1174/1356/582 1172/1355/581 1144/1345/571
f 1172/1355/581 1170/1354/580 1144/1345/571
f 1170/1354/580 1168/1353/579 1166/1325/555
f 1166/1325/555 1164/1352/578 1162/1326/556
f 1162/1326/556 1160/1351/577 1158/1350/576
f 1158/1350/576 1156/1349/575 1162/1326/556
f 1156/1349/575 1154/1327/557 1162/1326/556
f 1154/1327/557 1150/1347/573 1170/1354/580
f 1150/1347/573 1144/1345/571 1170/1354/580
f 1170/1354/580 1166/1325/555 1154/1327/557
f 1131/1328/558 1130/1313/147 1149/1315/547
f 1137/1324/554 1163/1323/553 1165/1330/560
f 1128/1332/181 1143/1320/551 1175/1319/550
f 1138/1331/148 1165/1330/560 1167/1334/562
f 1132/1336/8 1131/1328/558 1151/1329/559
f 1139/1335/563 1167/1334/562 1169/1338/565
f 1132/1336/8 1153/1337/564 1155/1340/566
f 1141/1342/568 1140/1339/1 1169/1338/565
f 1133/1341/567 1155/1340/566 1157/1343/569
f 1145/1314/546 1146/1333/561 1147/1344/570
f 1149/1315/547 1145/1314/546 1144/1345/571
f 1151/1329/559 1149/1315/547 1148/1346/572
f 1153/1337/564 1151/1329/559 1150/1347/573
f 1153/1337/564 1152/1348/574 1154/1327/557
f 1155/1340/566 1154/1327/557 1156/1349/575
f 1157/1343/569 1156/1349/575 1158/1350/576
f 1159/1317/548 1158/1350/576 1160/1351/577
f 1163/1323/553 1161/1321/552 1160/1351/577
f 1165/1330/560 1163/1323/553 1162/1326/556
f 1167/1334/562 1165/1330/560 1164/1352/578
f 1169/1338/565 1167/1334/562 1166/1325/555
f 1169/1338/565 1168/1353/579 1170/1354/580
f 1171/1311/544 1170/1354/580 1172/1355/581
f 1173/1312/545 1172/1355/581 1174/1356/582
f 1175/1319/550 1174/1356/582 1147/1344/570
f 1129/1357/583 1128/1332/181 1146/1333/561
f 1201/1358/584 1192/2062/738 1189/1359/585
f 1179/1361/587 1185/2063/739 1182/1362/588
f 1198/1365/1 1199/2064/1 1183/2065/1
f 1199/2064/1 1197/2066/1 1183/2065/1
f 1183/2065/1 1184/1366/1 1198/1365/1
f 1184/1366/1 1182/2067/1 1196/1364/1
f 1182/2067/1 1185/2068/1 1201/2069/1
f 1185/2068/1 1186/2070/1 1201/2069/1
f 1186/2070/1 1187/2071/1 1203/2072/1
f 1201/2069/1 1186/2070/1 1203/2072/1
f 1187/2071/1 1200/2073/1 1202/2074/1
f 1202/2074/1 1203/2072/1 1187/2071/1
f 1201/2069/1 1196/1364/1 1182/2067/1
f 1188/1367/15 1178/2075/589 1183/1368/589
f 1183/1368/589 1178/2075/589 1177/1370/590
f 1184/1371/590 1177/1370/590 1176/1363/588
f 1193/1372/181 1200/1382/181 1187/1373/591
f 1180/1374/591 1187/1373/591 1186/1375/592
f 1186/1375/592 1185/2063/739 1179/1361/587
f 1188/1377/15 1197/2076/15 1199/1378/593
f 1199/1378/593 1198/2077/594 1191/1380/594
f 1191/1380/594 1198/2077/594 1196/1360/586
f 1193/1372/181 1195/1383/595 1202/1381/595
f 1195/1383/595 1194/1385/596 1203/1384/596
f 1194/1385/596 1192/2062/738 1201/1358/584
f 1238/2078/131 1237/2079/131 1234/2080/131
f 1237/2079/131 1236/2081/131 1234/2080/131
f 1234/2080/131 1240/1388/131 1254/2082/131
f 1256/2083/131 1234/2080/131 1254/2082/131
f 1240/1388/131 1243/2084/131 1242/2085/131
f 1242/2085/131 1241/2086/131 1239/2087/131
f 1239/2087/131 1250/2088/131 1249/1386/131
f 1250/2088/131 1253/2089/131 1249/1386/131
f 1253/2089/131 1252/2090/131 1251/2091/131
f 1251/2091/131 1249/1386/131 1253/2089/131
f 1249/1386/131 1245/2092/131 1260/1387/131
f 1245/2092/131 1248/2093/131 1247/2094/131
f 1247/2094/131 1246/2095/131 1245/2092/131
f 1246/2095/131 1244/2096/131 1245/2092/131
f 1244/2096/131 1259/2097/131 1261/2098/131
f 1244/2096/131 1261/2098/131 1262/2099/131
f 1260/1387/131 1245/2092/131 1263/2100/131
f 1242/2085/131 1239/2087/131 1240/1388/131
f 1234/2080/131 1256/2083/131 1257/2101/131
f 1235/2102/131 1238/2078/131 1234/2080/131
f 1258/2103/131 1255/2104/131 1235/2102/131
f 1257/2101/131 1258/2103/131 1235/2102/131
f 1235/2102/131 1234/2080/131 1257/2101/131
f 1239/2087/131 1249/1386/131 1240/1388/131
f 1245/2092/131 1244/2096/131 1262/2099/131
f 1245/2092/131 1262/2099/131 1263/2100/131
f 1254/2082/131 1240/1388/131 1260/1387/131
f 1223/1389/597 1222/1395/597 1252/1390/597
f 1207/1392/598 1237/1398/598 1238/1393/598
f 1222/1395/599 1221/2105/599 1251/1396/599
f 1206/1397/600 1236/1445/600 1237/1398/600
f 1219/1399/601 1249/1441/601 1251/1400/601
f 1210/1402/8 1240/1409/8 1234/1403/8
f 1226/1405/602 1256/1411/602 1254/1406/602
f 1210/1402/603 1213/2106/603 1243/1408/603
f 1227/1410/604 1257/1420/604 1256/1411/604
f 1213/1412/605 1212/1418/605 1242/1413/605
f 1225/1415/606 1255/1447/606 1258/1416/606
f 1212/1418/607 1211/1421/607 1241/1419/607
f 1228/1417/608 1258/1416/608 1257/1420/608
f 1211/1421/609 1209/1427/609 1239/1422/609
f 1231/1423/610 1261/1429/610 1259/1424/610
f 1220/1426/15 1250/1448/15 1239/1422/15
f 1232/1428/611 1262/1438/611 1261/1429/611
f 1218/1430/612 1248/1437/612 1245/1431/613
f 1233/1433/614 1230/1442/614 1260/1434/614
f 1217/1436/615 1247/1440/615 1248/1437/615
f 1233/1433/616 1263/1435/616 1262/1438/616
f 1216/1439/617 1246/1444/617 1247/1440/617
f 1215/1432/1 1245/1431/1 1249/1441/1
f 1230/1442/181 1224/1407/181 1254/1406/181
f 1214/1443/618 1244/1450/618 1246/1444/618
f 1204/1404/619 1234/1403/619 1236/1445/619
f 1205/1446/620 1235/1449/620 1255/1447/620
f 1220/1426/621 1223/1389/621 1253/1391/621
f 1208/1394/622 1238/1393/622 1235/1449/622
f 1229/1425/623 1259/1424/623 1244/1450/623
f 1273/1451/624 1275/1475/644 1282/1452/625
f 1268/1454/627 1270/1468/639 1266/1455/628
f 1279/2107/630 1280/2108/630 1278/2109/630
f 1278/2109/630 1282/1459/630 1268/2110/630
f 1282/1459/630 1283/2111/630 1281/1457/630
f 1268/2110/630 1282/1459/630 1270/1458/630
f 1281/1457/630 1271/2112/630 1270/1458/630
f 1268/2110/630 1269/2113/630 1279/2107/630
f 1279/2107/630 1278/2109/630 1268/2110/630
f 1269/1460/631 1265/1463/634 1272/1461/632
f 1268/1454/627 1264/1456/629 1265/1463/634
f 1276/1464/635 1267/1467/638 1271/1465/636
f 1267/1467/638 1266/1455/628 1270/1468/639
f 1274/1469/640 1280/1470/641 1279/1462/633
f 1273/1451/624 1278/1453/626 1280/1470/641
f 1281/1471/637 1283/1474/643 1277/1472/642
f 1283/1474/643 1282/1452/625 1275/1475/644
f 1287/1476/645 1296/1492/661 1297/1477/646
f 1289/1479/648 1288/1478/647 1297/1477/646
f 1290/1481/650 1289/1479/648 1298/1480/649
f 1291/1483/652 1290/1481/650 1299/1482/651
f 1292/1485/654 1291/1483/652 1300/1484/653
f 1284/1487/656 1293/1495/664 1294/1488/657
f 1285/1489/658 1294/1488/657 1295/1490/659
f 1286/1491/660 1295/1490/659 1296/1492/661
f 1301/1486/655 1300/1484/653 1309/1493/662
f 1293/1495/664 1302/2114/740 1303/1496/665
f 1295/1490/659 1294/1488/657 1303/1496/665
f 1296/1492/661 1295/1490/659 1304/1497/666
f 1297/1477/646 1296/1492/661 1305/1498/667
f 1297/1477/646 1306/1499/668 1307/1500/669
f 1298/1480/649 1307/1500/669 1308/1501/670
f 1300/1484/653 1299/1482/651 1308/1501/670
f 1306/1499/668 1305/1498/667 1314/1502/671
f 1306/1499/668 1315/1503/672 1316/1504/673
f 1307/1500/669 1316/1504/673 1317/1505/674
f 1308/1501/670 1317/1505/674 1318/1506/675
f 1309/1493/662 1318/1506/675 1319/1507/676
f 1303/1496/665 1302/2114/740 1311/1508/677
f 1304/1497/666 1303/1496/665 1312/1509/678
f 1305/1498/667 1304/1497/666 1313/1510/679
f 1318/1506/675 1327/1519/688 1328/1511/680
f 1312/1509/678 1311/1508/677 1320/1512/681
f 1313/1510/679 1312/1509/678 1321/1513/682
f 1314/1502/671 1313/1510/679 1322/1514/683
f 1315/1503/672 1314/1502/671 1323/1515/684
f 1315/1503/672 1324/1516/685 1325/1517/686
f 1316/1504/673 1325/1517/686 1326/1518/687
f 1317/1505/674 1326/1518/687 1327/1519/688
f 1332/2115/131 1333/2116/131 1330/1520/131
f 1333/2116/131 1331/2117/131 1330/1520/131
f 1331/2117/131 1329/2118/131 1334/1521/131
f 1334/1521/131 1336/2119/131 1342/1522/131
f 1336/2119/131 1338/2120/131 1342/1522/131
f 1338/2120/131 1337/2121/131 1342/1522/131
f 1342/1522/131 1339/2122/131 1341/2123/131
f 1341/2123/131 1340/2124/131 1330/1520/131
f 1340/2124/131 1335/2125/131 1330/1520/131
f 1334/1521/131 1330/1520/131 1331/2117/131
f 1342/1522/131 1341/2123/131 1330/1520/131
f 1343/1523/568 1359/1530/568 1361/1524/133
f 1349/1526/181 1365/1541/181 1374/1527/583
f 1344/1529/1 1360/2126/1 1359/1530/568
f 1362/1531/563 1360/2126/1 1344/1529/1
f 1363/1533/148 1362/1531/563 1346/1532/563
f 1367/1535/15 1366/1538/554 1350/1536/554
f 1366/1538/554 1363/1533/148 1347/1534/148
f 1374/1527/583 1372/1552/147 1356/1539/147
f 1348/1540/551 1364/1542/551 1365/1541/181
f 1345/1525/133 1361/1524/133 1364/1542/551
f 1352/1543/549 1368/1548/549 1367/1535/15
f 1370/1544/558 1369/2127/8 1353/1545/8
f 1357/1547/58 1373/1550/58 1368/1548/549
f 1355/1549/567 1371/1551/567 1373/1550/58
f 1353/1545/8 1369/2127/8 1371/1551/567
f 1372/1552/147 1370/1544/558 1354/1546/558
f 1372/1555/77 1374/2128/77 1365/2129/77
f 1365/2129/77 1364/2130/77 1361/2131/77
f 1361/2131/77 1359/2132/77 1360/2133/77
f 1360/2133/77 1362/2134/77 1361/2131/77
f 1362/2134/77 1363/2135/77 1361/2131/77
f 1363/2135/77 1366/2136/77 1367/1553/77
f 1367/1553/77 1368/2137/77 1373/1554/77
f 1373/1554/77 1371/2138/77 1372/1555/77
f 1371/2138/77 1369/2139/77 1372/1555/77
f 1369/2139/77 1370/2140/77 1372/1555/77
f 1372/1555/77 1365/2129/77 1363/2135/77
f 1365/2129/77 1361/2131/77 1363/2135/77
f 1363/2135/77 1367/1553/77 1372/1555/77
f 1394/1557/8 1392/2141/8 1379/2142/8
f 1379/2142/8 1380/2143/8 1394/1557/8
f 1380/2143/8 1378/1558/8 1394/1557/8
f 1378/1558/8 1375/2144/8 1391/2145/8
f 1375/2144/8 1376/2146/8 1388/2147/8
f 1388/2147/8 1376/2146/8 1390/2148/8
f 1376/2146/8 1377/2149/8 1390/2148/8
f 1377/2149/8 1387/2150/8 1389/2151/8
f 1390/2148/8 1377/2149/8 1389/2151/8
f 1388/2147/8 1391/2145/8 1375/2144/8
f 1391/2145/8 1393/1556/8 1378/1558/8
f 1400/1559/689 1391/2152/689 1388/1560/690
f 1378/1562/691 1384/2153/691 1381/1563/692
f 1396/1565/693 1387/2154/201 1377/1566/694
f 1382/1567/695 1377/1566/694 1376/1568/590
f 1383/1569/590 1376/1568/590 1375/1564/692
f 1399/1570/181 1386/1573/697 1379/1571/696
f 1386/1573/697 1385/1575/592 1380/1574/592
f 1385/1575/592 1384/2153/691 1378/1562/691
f 1387/1576/201 1396/2155/693 1398/1577/593
f 1389/1578/593 1398/1577/593 1397/1579/594
f 1390/1580/594 1397/1579/594 1395/1561/690
f 1392/1572/181 1394/1582/595 1401/1581/595
f 1394/1582/595 1393/1584/596 1402/1583/596
f 1393/1584/596 1391/2152/689 1400/1559/689
f 1422/1586/8 1420/2156/8 1407/2157/8
f 1407/2157/8 1408/2158/8 1422/1586/8
f 1408/2158/8 1406/1587/8 1422/1586/8
f 1406/1587/8 1403/2159/8 1419/2160/8
f 1403/2159/8 1404/2161/8 1416/2162/8
f 1416/2162/8 1404/2161/8 1418/2163/8
f 1404/2161/8 1405/2164/8 1418/2163/8
f 1405/2164/8 1415/2165/8 1417/2166/8
f 1418/2163/8 1405/2164/8 1417/2166/8
f 1416/2162/8 1419/2160/8 1403/2159/8
f 1419/2160/8 1421/1585/8 1406/1587/8
f 1428/1588/689 1419/2167/689 1416/1589/690
f 1406/1591/691 1412/2168/691 1409/1592/692
f 1424/1594/693 1415/2169/693 1405/1595/694
f 1410/1596/695 1405/1595/694 1404/1597/590
f 1411/1598/590 1404/1597/590 1403/1593/692
f 1427/1599/181 1414/1602/698 1407/1600/696
f 1414/1602/698 1413/1604/592 1408/1603/592
f 1413/1604/592 1412/2168/691 1406/1591/691
f 1415/1605/693 1424/2170/693 1426/1606/593
f 1417/1607/593 1426/1606/593 1425/1608/594
f 1418/1609/594 1425/1608/594 1423/1590/690
f 1420/1601/181 1422/1611/595 1429/1610/595
f 1422/1611/595 1421/1613/596 1430/1612/596
f 1421/1613/596 1419/2167/689 1428/1588/689
f 1444/1614/15 1441/2171/15 1435/1615/15
f 1433/1617/699 1442/2172/699 1445/1618/700
f 1432/1620/702 1439/1628/705 1436/1621/703
f 1434/1619/701 1445/1618/700 1439/1623/705
f 1437/1625/706 1440/1629/706 1438/1626/707
f 1437/1625/706 1436/1621/741 1439/1628/708
f 1440/1630/709 1446/1633/709 1444/1631/710
f 1440/1630/709 1439/1623/712 1445/1618/712
f 1446/1633/713 1443/1635/713 1441/1634/714
f 1445/1618/715 1442/2172/715 1443/1635/713
f 1441/1636/716 1443/1638/717 1437/1625/717
f 1442/1637/719 1436/1621/719 1437/1625/717
f 1431/1622/704 1436/1621/703 1442/1637/699
f 1449/1640/720 205/1644/38 286/447/89
f 1447/320/32 1448/2173/77 309/1641/77
f 205/1644/38 1449/1640/720 1457/1643/8
f 1457/1643/8 1458/1648/8 253/1642/36
f 1458/1648/8 1447/320/32 253/1642/36
f 1453/323/8 1451/1775/8 150/413/110
f 1451/1775/8 1452/384/86 158/1777/54
f 158/1777/54 150/413/110 1451/1775/8
f 1456/385/87 1452/384/86 1449/1640/720
f 1454/1645/77 1448/2173/77 1447/320/32
f 401/2174/8 402/2175/8 1457/1643/8
f 1457/1643/8 1449/1640/720 401/2174/8
f 1449/1640/720 1452/384/86 399/1647/8
f 401/2174/8 1449/1640/720 400/2176/8
f 1452/384/86 1451/1775/8 403/2177/8
f 1451/1775/8 397/1774/8 403/2177/8
f 400/2176/8 1449/1640/720 399/1647/8
f 1452/384/86 403/2177/8 398/1646/8
f 393/2178/8 394/1771/8 1458/1648/8
f 1457/1643/8 402/2175/8 396/2179/8
f 405/1649/8 393/2178/8 1458/1648/8
f 1457/1643/8 396/2179/8 405/1649/8
